time,prey,predator
0.0,20.0,5.0
0.05,19.04311450594089,5.403742887694752
0.1,17.985411713992434,5.81069843969155
0.15000000000000002,16.849171789364142,6.2140627516317775
0.2,15.659364995133213,6.606824783535788
0.25,14.442057077500214,6.982191155293011
0.30000000000000004,13.222749030031826,7.333996278607981
0.35000000000000003,12.024866357309918,7.657045470796301
0.4,10.868574496037844,7.947351983127648
0.45,9.77002530288454,8.202249359291073
0.5,8.741056601555622,8.420382291950236
0.55,7.789294634717543,8.60159671677987
0.6000000000000001,6.918562243052508,8.746760063580547
0.65,6.129477665240528,8.857544921107287
0.7000000000000001,5.420135370333892,8.936205546732042
0.75,4.786782199199267,8.98536931218849
0.8,4.224429878035306,9.007856867837454
0.8500000000000001,3.727371522369893,9.006537346822311
0.9,3.289591036298718,8.984219250826696
0.9500000000000001,2.905069007811862,8.943573968365861
1.0,2.5679972768892703,8.887086930394709
1.05,2.2729181435593477,8.817030766584692
1.1,2.014804714388298,8.735455030678454
1.1500000000000001,1.7890974967611062,8.64418773194215
1.2000000000000002,1.5917100458137072,8.544844765234819
1.25,1.4190139150379961,8.438844198613761
1.3,1.2678107467307194,8.327423157989385
1.35,1.1352972519653726,8.211655701394225
1.4000000000000001,1.0190271333666128,8.09247059322735
1.4500000000000002,0.9168726863852452,7.970668282160021
1.5,0.8269878290924126,7.846936674189684
1.55,0.7477735973701802,7.721865495510493
1.6,0.6778466429361546,7.595959177969627
1.6500000000000001,0.6160109338707753,7.469648289607824
1.7000000000000002,0.5612326382367039,7.343299587629136
1.75,0.5126180371013189,7.2172248015584906
1.8,0.46939423798863206,7.09168826816451
1.85,0.4308924243845932,6.9669135426713575
1.9000000000000001,0.396533367582575,6.843089106933978
1.9500000000000002,0.3658149341130916,6.7203732874414275
2.0,0.338301338494969,6.598898486166202
2.0500000000000003,0.3136139125094206,6.4787748166593975
2.1,0.2914231856360445,6.360093227204696
2.15,0.2714420948021237,6.242928182770267
2.2,0.25342016404220946,6.127339968201482
2.25,0.23713851541307038,6.01337666669995
2.3000000000000003,0.22240559126563983,5.901075860165413
2.35,0.20905348466174947,5.7904660914095345
2.4000000000000004,0.19693478939224499,5.68156812252582
2.45,0.1859198938332371,5.574396018742391
2.5,0.17589465393594247,5.4689580828130975
2.5500000000000003,0.16675839016457125,5.36525766133661
2.6,0.1584221613574696,5.2632938412561
2.6500000000000004,0.1508072754616051,5.163062052113481
2.7,0.14384400303808642,5.0645545873485345
2.75,0.13747046449946154,4.967761055988508
2.8000000000000003,0.1316316663444591,4.872668774418704
2.85,0.12627866531328003,4.779263106516636
2.9000000000000004,0.12136784249251777,4.6875277592345945
2.95,0.11686027203600781,4.5974450396964555
3.0,0.11272117140729083,4.508996079007283
3.0500000000000003,0.10891942195145109,4.42216102723577
3.1,0.10542715022037898,4.336919223400247
3.1500000000000004,0.10221936184974084,4.253249343752374
3.2,0.09927362095518634,4.171129531194627
3.25,0.09656976901095708,4.0905375082763635
3.3000000000000003,0.09408967802260962,4.011450675878704
3.35,0.09181703352945243,3.9338461994119243
3.4000000000000004,0.08973714359046502,3.8577010841035904
3.45,0.08783677043592217,3.7829922407449557
3.5,0.08610398191921283,3.7096965430821633
3.5500000000000003,0.0845280202908498,3.637790877883118
3.6,0.08309918614908111,3.5672521885768065
3.6500000000000004,0.0818087357070137,3.498057513246243
3.7,0.08064878976166787,3.430184017656379
3.75,0.07961225296176469,3.363609023912028
3.8000000000000003,0.07869274215328106,3.298310035266143
3.85,0.07788452273911013,3.23426475753404
3.9000000000000004,0.07718245212512603,3.1714511175129614
3.95,0.07658192944261942,3.1098472787575484
4.0,0.07607885083904067,3.0494316550192893
4.05,0.07566956971747303,2.9901829216210056
4.1000000000000005,0.07535086138214477,2.93208002500514
4.15,0.07511989161418982,2.8751021906664103
4.2,0.07497418876015653,2.8192289296547233
4.25,0.07491161896662508,2.76444004381266
4.3,0.07493036423873502,2.7107156298928965
4.3500000000000005,0.07502890303931212,2.6580360826843137
4.4,0.07520599317936418,2.6063820972609593
4.45,0.07546065678062697,2.5557346704551547
4.5,0.07579216711713792,2.5060751016447473
4.55,0.07620003716596924,2.4573849929345144
4.6000000000000005,0.07668400971767661,2.4096462488029258
4.65,0.07724404891506705,2.362841075277683
4.7,0.07788033310486803,2.3169519786965664
4.75,0.07859324890105512,2.271961764104019
4.800000000000001,0.07938338637119707,2.2278535333284983
4.8500000000000005,0.08025153526840724,2.184610682780815
4.9,0.0811986822415216,2.1422169010094203
4.95,0.08222600896510847,2.100656166044815
5.0,0.08333489113898646,2.0599127425618824
5.050000000000001,0.08452689831419997,2.019971178885929
5.1000000000000005,0.08580379450897777,1.9808163038655582
5.15,0.08716753958416752,1.9424332236330926
5.2,0.08862029135307747,1.9048073182711454
5.25,0.09016440840563124,1.8679242384020185
5.300000000000001,0.09180245363131664,1.8317699017149134
5.3500000000000005,0.09353719842963523,1.7963304894444074
5.4,0.0953716276006843,1.7615924428122904
5.45,0.09730894491216908,1.7275424594436284
5.5,0.09935257934258679,1.694167489766833
5.550000000000001,0.10150619200357859,1.6614547334065315
5.6000000000000005,0.10377368374754178,1.6293916355771532
5.65,0.10615920346955673,1.5979658834843657
5.7,0.10866715711553722,1.5671654027407853
5.75,0.1113022174112792,1.5369783538017554
5.800000000000001,0.11406933432978167,1.5073931284264273
5.8500000000000005,0.11697374631686179,1.4783983461688663
5.9,0.12002099229770088,1.449982850903461
5.95,0.12321692448955363,1.4221357073885084
6.0,0.12656772204844277,1.3948461978714977
6.050000000000001,0.1300799055802594,1.3681038187392882
6.1000000000000005,0.13376035254930496,1.3418982772161103
6.15,0.1376163136199588,1.3162194881120635
6.2,0.1416554299698411,1.291057570624576
6.25,0.14588575161557937,1.2664028451951057
6.300000000000001,0.15031575679508302,1.2422458304232
6.3500000000000005,0.15495437245309523,1.218577240039901
6.4,0.1598109958797335,1.1953879799423703
6.45,0.16489551755475507,1.1726691452915208
6.5,0.1702183452534022,1.1504120176743722
6.550000000000001,0.17579042947289925,1.1286080623328003
6.6000000000000005,0.18162329024199667,1.1072489254603224
6.65,0.1877290453793952,1.086326431568546
6.7,0.19412044027043793,1.0658325809249225
6.75,0.2008108792351418,1.0457595470634684
6.800000000000001,0.20781445856445172,1.0260996743701598
6.8500000000000005,0.2151460013055524,1.0068454757447738
6.9,0.22282109388116386,0.9879896303410225
6.95,0.23085612463198646,0.9695249813869312
7.0,0.23926832437585055,0.9514445340875267
7.050000000000001,0.2480758090816702,0.9337414536120417
7.1000000000000005,0.25729762476100204,0.9164090631680019
7.15,0.2669537946848713,0.8994408421647428
7.2,0.27706536903855067,0.8828304244691125
7.25,0.2876544771321606,0.8665715967563432
7.300000000000001,0.29874438229030603,0.8506582969593386
7.3500000000000005,0.3103595395494693,0.8350846128199082
7.4,0.32252565629753843,0.8198447805458002
7.45,0.335269755995663,0.8049331835777405
7.5,0.3486202451285848,0.7903443514710732
7.550000000000001,0.3626069835356798,0.7760729588970361
7.6000000000000005,0.377261358281163,0.7621138247691749
7.65,0.3926163612282276,0.7484619115009328
7.7,0.408706670488304,0.7351123244010271
7.75,0.4255687359231023,0.7220603112138688
7.800000000000001,0.4432408688836258,0.7093012618129806
7.8500000000000005,0.46176333637687655,0.6968307080561527
7.9,0.48117845985748003,0.6846443238119265
7.95,0.5015307188478928,0.6727379251679484
8.0,0.5228668595971736,0.6611074708327733
8.05,0.5452360089944318,0.649749062743858
8.1,0.5686897939589508,0.6386589468957513
8.15,0.5932824665345358,0.6278335144039027
8.200000000000001,0.6190710349207628,0.6172693028210675
8.25,0.6461154006783985,0.6069629977250133
8.3,0.6744785023501942,0.5969114345981474
8.35,0.7042264657413922,0.5871116010218076
8.4,0.7354287611064428,0.5775606392103135
8.450000000000001,0.7681583674894409,0.5682558489124971
8.5,0.8024919444654137,0.5591946907113418
8.55,0.8385100115275936,0.5503747897556012
8.6,0.8762971353618868,0.5417939399608847
8.65,0.9159421252435819,0.5334501087217232
8.700000000000001,0.957538236782542,0.5253414421806313
8.75,1.0011833842312596,0.5174662711052103
8.8,1.0469803615547217,0.5098231174299641
8.85,1.0950370724414606,0.5024107015258058
8.9,1.145466769410799,0.49522795026729743
8.950000000000001,1.198388302141363,0.488274005975605
9.0,1.2539263751095997,0.48154823632406607
9.05,1.3122118145832524,0.47505024530330275
9.1,1.3733818449624207,0.4687798853541167
9.15,1.4375803743986044,0.46273727078915095
9.200000000000001,1.504958289548514,0.4569227926386994
9.25,1.5756737592326586,0.4513371350723187
9.3,1.6498925466668082,0.4459812935663212
9.35,1.7277883298150272,0.440856595008105
9.4,1.8095430292734436,0.4359647199519724
9.450000000000001,1.8953471429311433,0.4313077272680091
9.5,1.9854000864650134,0.4268880814562238
9.55,2.0799105385048713,0.42270868293304054
9.600000000000001,2.179096789049022,0.4187729016370322
9.65,2.283187089412982,0.41508461434623894
9.700000000000001,2.3924200016490444,0.4116482461513984
9.75,2.5070447449742157,0.4084688165889407
9.8,2.6273215362801903,0.40555199100585887
9.850000000000001,2.753521921261339,0.40290413780693146
9.9,2.885929092073533,0.400532392324867
9.950000000000001,3.0248381867143292,0.3984447281576501
10.0,3.170556564477701,0.3966500369369001
10.05,3.32340405086563,0.3951582176290022
10.100000000000001,3.483713144212735,0.3939802766301657
10.15,3.6518291749734892,0.39312844010096215
10.200000000000001,3.828110407104847,0.3926162801994748
10.25,4.012928069215693,0.3924588571198361
10.3,4.206666301107996,0.3926728791303913
10.350000000000001,4.409721998955527,0.39327688313973475
10.4,4.622504539599189,0.3942914387073143
10.450000000000001,4.845435361218489,0.395739378867435
10.5,5.078947373891022,0.3976460616621275
10.55,5.323484169187352,0.4000396668921027
10.600000000000001,5.579498992864677,0.4029515333105867
10.65,5.847453438799029,0.406416542319287
10.700000000000001,6.127815815393677,0.4104735551987822
10.75,6.421059127659987,0.41516591203991693
10.8,6.727658608801524,0.4205420018641376
10.850000000000001,7.048088724231279,0.42665591495830474
10.9,7.382819558276131,0.43356819023585413
10.950000000000001,7.732312479103487,0.4413466725068334
11.0,8.097014960346218,0.4500674969322368
11.05,8.477354418182886,0.4598162206921307
11.100000000000001,8.873730899914987,0.47068912504984006
11.15,9.286508434034992,0.48279471457820294
11.200000000000001,9.716004822087548,0.4962554443494598
11.25,10.162479619046787,0.5112097103778864
11.3,10.626120011350086,0.527814143509373
11.350000000000001,11.107024260251732,0.5462462521853921
11.4,11.605182333260736,0.5667074648963702
11.450000000000001,12.120453299142051,0.589426628381178
11.5,12.652539014177426,0.6146640222397666
11.55,13.200953582241873,0.6427159538522931
11.600000000000001,13.764988033703052,0.6739199982094007
11.65,14.343669645700878,0.7086609437962288
11.700000000000001,14.93571533007402,0.7473774956568245
11.75,15.539478560964767,0.7905697668472034
11.8,16.152889424276967,0.8388075550487348
11.850000000000001,16.773387576306273,0.8927393459377836
11.9,17.397848239951976,0.9531019008242946
11.950000000000001,18.022501897068558,1.0207301627007213
12.0,18.642849121035717,1.0965670395540157
12.05,19.253573113092695,1.1816723821633832
12.100000000000001,19.848454045436355,1.277230150781548
12.15,20.420291355498016,1.3845523486924955
12.200000000000001,20.9608427348533,1.505077786009157
12.25,21.460791704389482,1.640363135939459
12.3,21.909759233869114,1.7920630990223405
12.350000000000001,22.296378515359276,1.9618958857773623
12.4,22.608455102675254,2.1515898181610913
12.450000000000001,22.833236156394943,2.362806871607177
12.5,22.9578110224363,2.597039755205701
12.55,22.96965900297243,2.855481039552146
12.600000000000001,22.857347088706476,3.138866249372049
12.65,22.611359339178946,3.447297924669416
12.700000000000001,22.225010814118004,3.7800642043900567
12.75,21.695365456644865,4.1354726437450635
12.8,21.024045589384922,4.510726098698366
12.850000000000001,20.217800426137508,4.901870300046879
12.9,19.288703131072584,5.303839793157601
12.950000000000001,18.253878606880793,5.710618706798801
13.0,17.13472793776841,6.115515771542068
13.05,15.9557000167934,6.511532174370037
13.100000000000001,14.742746188600007,6.891781434741846
13.15,13.5216556919249,7.24990828631762
13.200000000000001,12.31648956272202,7.580452579871066
13.25,11.148302931782068,7.879114997781783
13.3,10.03428023673783,8.142900599844268
13.350000000000001,8.987325505596766,8.37013822171539
13.4,8.016073361592206,8.560392750670562
13.450000000000001,7.125232425822123,8.714299446969923
13.5,6.316147866791276,8.833353654382435
13.55,5.587471097747904,8.919686705420625
13.600000000000001,4.93584363101314,8.975852097235881
13.65,4.356529205197579,9.004637741391013
13.700000000000001,3.843955654075669,9.008912301452073
13.75,3.3921507820957046,8.991507471457776
13.8,2.9950728377308735,8.955133878176776
13.850000000000001,2.646846153542425,8.902325951545825
13.9,2.3419173471989763,8.835410189152572
13.950000000000001,2.075148675680099,8.756491276703958
14.0,1.8418641114192311,8.66745111081341
14.05,1.6378615558136704,8.569956599851102
14.100000000000001,1.459402067654697,8.465472993920997
14.15,1.3031845110688343,8.355280302333046
14.200000000000001,1.166311850690595,8.240491043095165
14.25,1.0462535283861614,8.122068119529661
14.3,0.9408069485142239,8.000842041497679
14.350000000000001,0.8480600366688682,7.877527020545439
14.4,0.7663560622672709,7.7527356903893665
14.450000000000001,0.6942613684679123,7.626992356601453
14.5,0.630536279700528,7.5007447796135125
14.55,0.5741092122844627,7.374374557509219
14.600000000000001,0.5240538611488512,7.248206210679524
14.65,0.47956924787238475,7.12251508771565
14.700000000000001,0.43996237150671963,6.997534217101607
14.75,0.404633188939171,6.873460226786427
14.8,0.37306165522525014,6.750458446672543
14.850000000000001,0.3447965689640327,6.628667299572267
14.9,0.31944598835961674,6.508202075666556
14.950000000000001,0.29666900677560776,6.389158174850734
15.0,0.2761687002136894,6.271613891120279
15.05,0.2576860819301354,6.155632803646488
15.100000000000001,0.24099492060773087,6.041265830567699
15.15,0.22589729776109488,5.928552993825173
15.200000000000001,0.21221979724803233,5.817524936587924
15.25,0.199810234914968,5.70820422888522
15.3,0.1885348496348932,5.600606491926574
15.350000000000001,0.17827588846194267,5.494741367156521
15.4,0.1689295285075637,5.390613352283992
15.450000000000001,0.1604040866217722,5.288222523265722
15.5,0.15261847521438426,5.1875651584378355
15.55,0.14550086873763132,5.088634278614439
15.600000000000001,0.1389875506199313,4.99142011494867
15.65,0.13302191492120954,4.895910514629567
15.700000000000001,0.12755360078748407,4.802091293022968
15.75,0.1225377410159433,4.7099465396182865
15.8,0.11793430878730664,4.619458884082731
15.850000000000001,0.11370754895354819,4.53060972782217
15.9,0.1098254822490405,4.4433794456795725
15.950000000000001,0.1062594724754513,4.357747561747449
16.0,0.1029838481408462,4.273692902712645
16.05,0.0999755712500258,4.19119373167569
16.1,0.09721394697884733,4.110227864980191
16.150000000000002,0.09468036884779744,4.030772774240027
16.2,0.09235809476276498,3.9528056754545275
16.25,0.09023204993355574,3.876303606846804
16.3,0.08828865322988062,3.8012434968416677
16.35,0.08651566400442738,3.7276022234117185
16.400000000000002,0.08490204681511007,3.6553566658586303
16.45,0.08343785182375013,3.584483749957593
16.5,0.08211410894480028,3.514960487272966
16.55,0.08092273407249034,3.4467640093497227
16.6,0.07985644593406092,3.3798715973958218
16.650000000000002,0.07890869230573928,3.314260707993246
16.7,0.07807358449119348,3.2499089953083944
16.75,0.07734583910311238,3.1867943302143247
16.8,0.07672072631047083,3.1248948166868
16.85,0.07619402381965401,3.0641888057921327
16.900000000000002,0.07576197594923195,3.00465490754653
16.95,0.07542125723775697,2.946272000893243
17.0,0.07516894009317827,2.889019242014683
17.05,0.07500246605276081,2.8328760711711665
17.1,0.07491962027498462,2.7778222182356433
17.150000000000002,0.07491850893083614,2.7238377070742184
17.2,0.07499753920208377,2.670902858905102
17.25,0.07515540162933036,2.618998294753575
17.3,0.07539105458351836,2.5681049371072735
17.35,0.0757037106617024,2.5182040108644483
17.400000000000002,0.0760928248317915,2.4692770436575437
17.45,0.07655808417202388,2.4213058656253734
17.5,0.07709939906953983,2.3742726086991355
17.55,0.07771689575887968,2.3281597054604175
17.6,0.07841091009582987,2.2829498876230585
17.650000000000002,0.07918198247500971,2.2386261841851605
17.7,0.08003085381114156,2.195171919292605
17.75,0.08095846251425866,2.152570709851037
17.8,0.08196594239833438,2.110806462919385
17.85,0.08305462147110133,2.0698633729145004
17.900000000000002,0.08422602156028826,2.0297259186534293
17.95,0.08548185873824163,1.990378860257051
18.0,0.08682404451300847,1.951807235936378
18.05,0.08825468775951852,1.9139963586806128
18.1,0.08977609736958707,1.8769318128640904
18.150000000000002,0.09139078560412785,1.8405994507874954
18.2,0.09310147213527234,1.8049853891671654
18.25,0.09491108877008704,1.7700760055848965
18.3,0.09682278485130635,1.7358579349094088
18.35,0.09883993333399388,1.7023180656995047
18.400000000000002,0.10096613754034342,1.66944353659795
18.45,0.10320523859796331,1.6372217327241985
18.5,0.10556132356998071,1.6056402820732796
18.55,0.10803873428818123,1.5746870519274405
18.6,0.11064207690318505,1.5443501452864854
18.650000000000002,0.11337623216837475,1.514617897322177
18.7,0.11624636647694889,1.4854788718615464
18.75,0.11925794367409705,1.4569218579034893
18.8,0.12241673766889108,1.4289358661726241
18.85,0.12572884587307734,1.401510125714009
18.900000000000002,0.12920070349654947,1.374634080531995
18.95,0.13283909873189192,1.3482973862762055
19.0,0.13665118886302316,1.322489906977376
19.05,0.14064451733564332,1.2972017118355668
19.1,0.14482703182991555,1.2724230720630723
19.150000000000002,0.14920710337859158,1.2481444577841796
19.200000000000003,0.15379354657663927,1.2243565349937975
19.25,0.15859564093135184,1.2010501625768504
19.3,0.16362315340492292,1.1782163893902489
19.35,0.1688863622045658,1.1558464514091642
19.400000000000002,0.17439608187844788,1.1339317689392914
19.450000000000003,0.1801636897790079,1.1124639438967439
19.5,0.18620115395863182,1.0914347571572134
19.55,0.19252106256618995,1.0708361659760275
19.6,0.19913665481658785,1.0506603014807618
19.650000000000002,0.20606185360926452,1.0308994662381032
19.700000000000003,0.21331129987548728,1.0115461318967143
19.75,0.2209003887383496,0.9925929369079295
19.8,0.22884530757358093,0.9740326843262044
19.85,0.23716307606362924,0.9558583396913548
19.900000000000002,0.2458715883419833,0.9380630289947557
19.950000000000003,0.25498965732936446,0.9206400367318242
20.0,0.26453706136823896,0.9035828040432877
20.05,0.2745345932670855,0.8868849269479397
20.1,0.2850041118709966,0.870540154669807
20.150000000000002,0.29596859628049843,0.8545423880629095
20.200000000000003,0.30745220284593994,0.8388856781370685
20.25,0.31948032507042406,0.8235642246885364
20.3,0.3320796565600291,0.8085723750395608
20.35,0.3452782571659893,0.7939046228913827
20.400000000000002,0.359105622469562,0.779555607295588
20.450000000000003,0.37359275676649173,0.7655201117491975
20.5,0.38877224971428015,0.7517930634193953
20.55,0.4046783568118608,0.7383695325043615
20.6,0.42134708388774406,0.725244731737299
20.650000000000002,0.43881627577921223,0.7124140160414336
20.700000000000003,0.4571257093916796,0.6998728823445256
20.75,0.47631719133384776,0.6876169695622655
20.8,0.49643466033074585,0.6756420587608533
20.85,0.5175242946230968,0.6639440735100778
20.900000000000002,0.5396346245676336,0.6525190804393369
20.950000000000003,0.5628166506589438,0.6413632900102848
21.0,0.5871239671990616,0.6304730575211647
21.05,0.6126128918462658,0.6198448843594083
21.1,0.6393426012792816,0.6094754195207657
21.150000000000002,0.6673752732171876,0.5993614614150946
21.200000000000003,0.696776235038679,0.5894999599810098
21.25,0.7276141192467531,0.5798880191338867
21.3,0.7599610260261953,0.570522899574267
21.35,0.7938926931412305,0.5614020219865511
21.400000000000002,0.8294886734191308,0.5525229706610169
21.450000000000003,0.8668325200621506,0.5438834975757275
21.5,0.9060119800245773,0.5354815269788084
21.55,0.9471191956835717,0.527315160515955
21.6,0.9902509150214074,0.5193826829529272
21.650000000000002,1.035508710522211,0.5116825685482587
21.700000000000003,1.082999206967812,0.5042134881375377
21.75,1.1328343182941896,0.4969743169974919
21.8,1.1851314936415107,0.48996414356581564
21.85,1.240013972696086,0.48318227910134864
21.900000000000002,1.2976110503807106,0.4766282683789571
21.950000000000003,1.358058350899755,0.4703019015244466
22.0,1.4214981110857055,0.46420322710721124
22.05,1.4880794729231928,0.45833256662229294
22.1,1.5579587850431922,0.45269053050931485
22.150000000000002,1.631299912882085,0.44727803587361914
22.200000000000003,1.7082745570854105,0.4420963260951832
22.25,1.7890625796018238,0.4371469925338538
22.3,1.8738523367560338,0.432431998565525
22.35,1.9628410184068763,0.4279537062135516
22.400000000000002,2.056234992084211,0.423714905673479
22.450000000000003,2.15425015075141,0.419718848067693
22.5,2.2571122625534903,0.4159692818105818
22.55,2.3650573205782583,0.4124704930150905
22.6,2.478331890271986,0.40922735042911657
22.650000000000002,2.5971934517038315,0.40624535545618407
22.700000000000003,2.721910733354699,0.40353069789057316
22.75,2.8527640335052986,0.40109031808412654
22.8,2.9900455246016273,0.3989319763621215
22.85,3.1340595351686793,0.39706433062101226
22.900000000000002,3.2851228029070407,0.39549702317400104
22.950000000000003,3.4435646915212863,0.39424077806420743
23.0,3.6097273625694397,0.393307510243091
23.05,3.78396589216071,0.39271044821775797
23.1,3.9666483206310197,0.3924642720095483
23.150000000000002,4.158155621353556,0.39258526854338477
23.200000000000003,4.358881572549163,0.3930915069092349
23.25,4.569232513295581,0.39400303631129346
23.3,4.789626961832999,0.39534210995602054
23.35,5.020495070653298,0.3971334386373815
23.400000000000002,5.26227788865659,0.3994044783686779
23.450000000000003,5.515426395762117,0.4021857570993979
23.5,5.780400269655584,0.4055112463590015
23.55,6.057666337707684,0.4094187846065207
23.6,6.347696659353606,0.41395056015720494
23.650000000000002,6.650966175202148,0.41915366283019917
23.700000000000003,6.967949848640986,0.425080714942753
23.75,7.299119213489312,0.43179059399841413
23.8,7.644938227059069,0.4393492614139192
23.85,8.005858311531648,0.4478307139395124
23.900000000000002,8.382312447523075,0.4573180770890441
23.950000000000003,8.774708161764071,0.46790486294761174
24.0,9.183419225623703,0.4796964181997098
24.05,9.608775852436446,0.49281159214424575
24.1,10.051053148986558,0.5073846588406908
24.150000000000002,10.510457539906511,0.5235675323387465
24.200000000000003,10.98711084320051,0.5415323191086706
24.25,11.481031630976716,0.5614742571611115
24.3,11.992113462637422,0.5836150966595669
24.35,12.52009952988109,0.6082069816520663
24.400000000000002,13.064553206701804,0.6355368962035493
24.450000000000003,13.624823957572678,0.6659317396709783
24.5,14.20000802996616,0.6997640936169913
24.55,14.78890335337486,0.7374587347228558
24.6,15.389958100622692,0.7794999309529064
24.650000000000002,16.001212459075322,0.8264395278668282
24.700000000000003,16.620233337766848,0.8789057825795314
24.75,17.244042039675303,0.9376128267711394
24.8,17.869035406380572,1.00337052753112
24.85,18.490901658175748,1.077094353587251
24.900000000000002,19.10453318219073,1.1598146305568804
24.950000000000003,19.703939949179137,1.2526842673198382
25.0,20.282169150864494,1.356983643075824
25.05,20.831239109095694,1.474120853911331
25.1,21.34209852735819,1.60562493543834
25.150000000000002,21.804625640339907,1.7531290365761318
25.200000000000003,22.207685493181447,1.9183398929011235
25.25,22.539266898414752,2.1029894714533275
25.3,22.786722652534007,2.3087645473601373
25.35,22.93713598831336,2.5372105288011144
25.400000000000002,22.977831243882886,2.7896074430966014
25.450000000000003,22.89703544799168,3.0668190092283316
25.5,22.684678457071502,3.3691203960369562
25.55,22.333292236124922,3.696016506532937
25.6,21.838937074486697,4.046069758041253
25.650000000000002,21.2020495585319,4.416762898441341
25.700000000000003,20.428083020927613,4.804426240268074
25.75,19.527806865622743,5.204257353810876
25.8,18.517155887949457,5.610452887271192
25.85,17.416577312539975,6.01645664042605
25.900000000000002,16.24990429545559,6.415307697602834
25.950000000000003,15.042871991359034,6.8000521210099345
26.0,13.821462086430136,7.164167254020224
26.05,12.610293038276167,7.5019437505134805
26.1,11.431256893699949,7.808778503171861
26.150000000000002,10.3025457743514,8.081349264061945
26.200000000000003,9.238130733020734,8.317663642223444
26.25,8.24767584574103,8.516995360109807
26.3,7.336809872559826,8.67973469236971
26.35,6.507645702105742,8.807186105048295
26.400000000000002,5.759433250925664,8.901345020781205
26.450000000000003,5.089247041432428,8.964679679966961
26.5,4.492635628661706,8.999935955041193
26.55,3.964187906696632,9.009974926285707
26.6,3.4979955198834296,8.997646406221874
26.650000000000002,3.088008571982729,8.965696939299903
26.700000000000003,2.728293281510748,8.916708046949134
26.75,2.413206185867121,8.853059263808863
26.8,2.137501447331547,8.77691035331836
26.85,1.8963872222507299,8.69019757269007
26.900000000000002,1.6855450973855468,8.594639648666085
26.950000000000003,1.5011241022943014,8.491750002919018
27.0,1.3397182892043475,8.382852596855722
27.05,1.1983346096082388,8.269099484041458
27.1,1.0743559264074993,8.151488742317124
27.150000000000002,0.9655025007759178,8.03088191020898
27.200000000000003,0.8697941509613922,7.908020389361347
27.25,0.7855144405875305,7.78354051696613
27.3,0.7111776564304652,7.657987180006771
27.35,0.6454989242739935,7.531825954780708
27.400000000000002,0.5873675387447846,7.405453825690076
27.450000000000003,0.5358234107175773,7.279208578597091
27.5,0.49003643433530025,7.153376985190798
27.55,0.4492885226845799,7.028201902507276
27.6,0.412958040448628,6.9038884108174
27.650000000000002,0.38050636180813935,6.780609106945326
27.700000000000003,0.3514662943510952,6.658508661042829
27.75,0.32543212922942427,6.537707734480989
27.8,0.30205110056295476,6.418306345841301
27.85,0.2810160607493791,6.3003867616175
27.900000000000002,0.2620592014150807,6.18401597853794
27.950000000000003,0.24494667137925435,6.0692478555703
28.0,0.22947396276111434,5.956124945745163
28.05,0.2154619540648569,5.84468007092972
28.1,0.2027535147260655,5.734937676552093
28.150000000000002,0.1912105892935493,5.626914997951652
28.200000000000003,0.18071169130413559,5.520623065431999
28.25,0.17114974716162204,5.416067571139449
28.3,0.16243023913795207,5.313249617501807
28.35,0.15446960415234573,5.212166364066399
28.400000000000002,0.14719385141837424,5.11281158710577
28.450000000000003,0.14053736753048113,5.0151761642545125
28.5,0.1344418822246495,4.919248494648815
28.55,0.12885557201109135,4.8250148635156975
28.6,0.12373228224304776,4.732459758862004
28.650000000000002,0.11903085104411341,4.6415661468098826
28.700000000000003,0.11471452094347726,4.5523157111866634
28.75,0.11075042612956441,4.464689062177803
28.8,0.10710914498356396,4.37866591817076
28.85,0.10376430904265053,4.29422526433734
28.900000000000002,0.10069226080857387,4.211345491006976
28.950000000000003,0.09787175389475937,4.130004514460616
29.0,0.09528368992294985,4.050179882413599
29.05,0.09291088736308037,3.9718488661466553
29.1,0.09073787817809863,3.8949885409793676
29.150000000000002,0.0887507287062113,3.8195758565532762
29.200000000000003,0.08693688170124488,3.745587698196825
29.25,0.08528501686987314,3.673000940476698
29.3,0.08378492760288084,3.6017924938958243
29.35,0.08242741190528063,3.5319393455739827
29.400000000000002,0.08120417579449384,3.4634185946396534
29.450000000000003,0.08010774766330812,3.3962074829690727
29.5,0.07913140230033143,3.33028342182825
29.55,0.07826909342974718,3.2656240149042546
29.6,0.07751539377822704,3.2022070781518295
29.650000000000002,0.07686544180317628,3.1400106568290784
29.700000000000003,0.07631489432588319,3.079013040050471
29.75,0.07585988440801043,3.0191927731458073
29.8,0.07549698389224346,2.9605286680792475
29.85,0.07522317009953987,2.9029998121523795
29.900000000000002,0.07503579623779186,2.8465855751889415
29.950000000000003,0.07493256513109509,2.7912656153757816
30.0,0.07491150592630025,2.737019883914424
30.05,0.0749709534750442,2.6838286286199122
30.1,0.07510953012581752,2.631672396588028
30.150000000000002,0.07532612969251415,2.5805320360383126
30.200000000000003,0.07561990339392077,2.530388697428266
30.25,0.07599024758324831,2.481223833923499
30.3,0.07643679310852873,2.433019201299231
30.35,0.07695939616387598,2.38575685734027
30.400000000000002,0.07755813050857108,2.33941916079929
30.450000000000003,0.07823328094596298,2.2939887699667416
30.5,0.07898533796752615,2.249448640900011
30.55,0.07981499347929744,2.2057820253543294
30.6,0.0807231375385157,2.1629724684534413
30.650000000000002,0.08171085603776974,2.1210038061340066
30.700000000000003,0.08277942928246584,2.0798601623941466
30.75,0.08393033141507827,2.039525946373365
30.8,0.0851652306465533,1.9999858492882367
30.85,0.08648599026149419,1.9612248412457332
30.900000000000002,0.08789467036944368,1.9232281679537915
30.950000000000003,0.08939353037977582,1.885981347346731
31.0,0.09098503218247339,1.8494701661413073
31.05,0.0926718440214585,1.81368067633759
31.1,0.09445684505121166,1.7785991916774113
31.150000000000002,0.09634313057120293,1.744212284071838
31.200000000000003,0.0983340179362079,1.7105067800079643
31.25,0.10043305314392457,1.6774697569442945
31.3,0.10264401810447843,1.6450885397030492
31.35,0.1049709385994273,1.613350696866904
31.400000000000002,0.10741809294078285,1.5822440371869235
31.450000000000003,0.10999002134337188,1.5517566060077865
31.5,0.11269153602659085,1.5218766817158051
31.55,0.11552773206427762,1.4925927722147023
31.6,0.11850399900405402,1.4638936114336423
31.650000000000002,0.12162603328009594,1.435768155871577
31.700000000000003,0.12489985144587866,1.4082055811815997
31.75,0.12833180425603774,1.3811952787986574
31.8,0.1319285916290914,1.354726852613677
31.85,0.135697278525401,1.328790115696902
31.900000000000002,0.13964531177741232,1.3033750870730014
31.950000000000003,0.14378053791193163,1.278471988550322
32.0,0.14811122200695734,1.2540712416064728
32.050000000000004,0.15264606762841798,1.2301634643322938
32.1,0.15739423789507015,1.2067394684361352
32.15,0.1623653777227936,1.1837902563102727
32.2,0.16756963730259183,1.161307018161209
32.25,0.17301769686977472,1.1392811292055538
32.300000000000004,0.17872079282506959,1.1177041469331308
32.35,0.18469074527178772,1.0965678084389516
32.4,0.19093998703667028,1.075864027825682
32.45,0.19748159424565634,1.0555848936782537
32.5,0.20432931852956435,1.0357226666123052
32.550000000000004,0.2114976209385604,1.0162697768981859
32.6,0.21900170764830842,0.9972188221623354
32.65,0.2268575675448638,0.9785625651679319
32.7,0.2350820117796867,0.9602939316768193
32.75,0.24369271539061957,0.942406008394846
32.800000000000004,0.2527082610892964,0.9248920410029008
32.85,0.2621481853202348,0.9077454322761019
32.9,0.27203302670180457,0.8909597402937878
32.95,0.28238437696437046,0.8745286767431791
33.0,0.29322493450617515,0.8584461053198259
33.050000000000004,0.3045785606929526,0.8427060402282254
33.1,0.31647033903284855,0.8273026447863027
33.15,0.3289266373639613,0.8122302301377804
33.2,0.3419751731977029,0.7974832540768384
33.25,0.35564508236720443,0.7830563199898756
33.300000000000004,0.3699669911361465,0.7689441759196397
33.35,0.38497309192966206,0.7551417137574947
33.4,0.4006972228553333,0.7416439685701463
33.45,0.41717495118875064,0.7284461180677564
33.5,0.4344436610046088,0.7155434822210516
33.550000000000004,0.45254264514084747,0.7029315230357668
33.6,0.4715132016898673,0.6906058444935873
33.65,0.4913987352173313,0.6785621926696505
33.7,0.5122448629154415,0.6667964560376639
33.75,0.5340995259038148,0.6553046659747951
33.800000000000004,0.5570131058970956,0.644082997479699
33.85,0.5810385474641709,0.6331277701183937
33.9,0.6062314861092004,0.6224354492141746
33.95,0.6326503824095457,0.6120026472994018
34.0,0.6603566624499566,0.6018261258488131
34.050000000000004,0.6894148647959196,0.5919027973160331
34.1,0.7198927942517367,0.5822297274971863
34.15,0.7518616826505025,0.5728041382480086
34.2,0.7853963569234828,0.563623410583616
34.25,0.820575414695232,0.5546850881931628
34.300000000000004,0.857481407647848,0.5459868814050486
34.35,0.8962010328927449,0.5375266716421518
34.4,0.9368253325808706,0.5293025164108281
34.45,0.9794499019719962,0.5213126548721739
34.5,1.0241751061700952,0.5135555140493807
34.550000000000004,1.0711063057143722,0.5060297157309638
34.6,1.120354091193579,0.4987340841363332
34.65,1.172034527024165,0.4916676544176658
34.7,1.226269404499731,0.4848296820804606
34.75,1.283186504179278,0.47821965341462386
34.800000000000004,1.3429198676337617,0.4718372970385906
34.85,1.405610078513293,0.4656825966710043
34.9,1.4714045528295057,0.45975580525803206
34.95,1.540457838267552,0.4540574605997149
35.0,1.6129319222479883,0.4485884026360808
35.050000000000004,1.688996548348327,0.44334979257337703
35.1,1.7688295405647592,0.4383431340530413
35.15,1.85261713474363,0.4335702965913069
35.2,1.9405543163363366,0.4290335415460791
35.25,2.0328451634265994,0.4247355509004383
35.300000000000004,2.129703193741073,0.4206794591894235
35.35,2.2313517140778703,0.4168688889393185
35.4,2.3380241702668196,0.4133079900373189
35.45,2.449964495403239,0.410001483505136
35.5,2.56742745366564,0.40695471021389595
35.550000000000004,2.6906789765277743,0.40417368515089885
35.6,2.8199964875958923,0.4016651579329089
35.65,2.9556692116304,0.3994366803574029
35.7,3.0979984625325065,0.3974966818946522
35.75,3.2472979041737595,0.39585455415205456
35.800000000000004,3.403893776899554,0.3945207454905624
35.85,3.568125081323266,0.39350686714467487
35.9,3.7403437096182905,0.39282581239611747
35.95,3.9209145128789022,0.392491890581557
36.0,4.110215291220044,0.39252097798179836
36.050000000000004,4.308636691077108,0.392930687950107
36.1,4.516581991598195,0.39374056299790106
36.15,4.734466759033291,0.3949722919756124
36.2,4.96271834454717,0.39664995597504166
36.25,5.201775196833714,0.39880030714872367
36.300000000000004,5.452085956193202,0.4014530853053267
36.35,5.714108291239674,0.4046413779137841
36.4,5.988307433003432,0.40840203005107856
36.45,6.2751543537344014,0.4127761118805345
36.5,6.575123529022671,0.4178094524733605
36.550000000000004,6.888690211735204,0.4235532502135414
36.6,7.216327134496844,0.4300647716858771
36.65,7.558500543765212,0.43740815287312673
36.7,7.91566545268004,0.4456553187177309
36.75,8.288259981498395,0.4548870396751158
36.800000000000004,8.676698633228575,0.46519414683772975
36.85,9.081364327708222,0.47667893057718197
36.9,9.502598989509254,0.4894567514635461
36.95,9.940692453409845,0.5036578964878163
37.0,10.39586941556362,0.519429718320338
37.050000000000004,10.868274118902844,0.5369391004254634
37.1,11.357952418008216,0.5563752961927877
37.15,11.8648308223918,0.5779531956062698
37.2,12.38869206929838,0.6019170779686317
37.25,12.92914673019956,0.6285449132203411
37.300000000000004,13.485600313113268,0.6581532765114665
37.35,14.057215291869017,0.691102939523091
37.4,14.64286748262793,0.7278051955950448
37.45,15.241096210693263,0.768728961160276
37.5,15.850047785855468,0.8144086693612238
37.550000000000004,16.467411958496832,0.8654529276426155
37.6,17.090351297048755,0.9225538424083427
37.65,17.715423857076452,0.9864968112286878
37.7,18.33850016304088,1.058170435046715
37.75,18.95467646850242,1.138575995716215
37.800000000000004,19.558187582494423,1.2288356631164108
37.85,20.142324334989027,1.3301982269422683
37.9,20.699363075048048,1.4440406817653748
37.95,21.220517480373942,1.5718634324413516
38.0,21.695926344603556,1.7152762550700007
38.050000000000004,22.114694676402532,1.8759715085752628
38.1,22.465008918936288,2.055680561919618
38.15,22.73434955637877,2.256109175946304
38.2,22.909824566856116,2.478847938276013
38.25,22.978643442526646,2.725255153703131
38.300000000000004,22.92874192880068,2.996312225954512
38.35,22.74955057137073,3.2924558235460863
38.400000000000006,22.432874985247587,3.613397014581304
38.45,21.97382399729129,3.9579445691374042
38.5,21.371688169556073,4.323856513151917
38.550000000000004,20.630643942797864,4.7077487587933815
38.6,19.760148455133987,5.105089783424489
38.650000000000006,18.77490707613749,5.510303782728089
38.7,17.694344711992827,5.916990827787001
38.75,16.541588264088343,6.318253045108007
38.800000000000004,15.3420555408288,6.707094995048476
38.85,14.121822257718852,7.076850015415822
38.900000000000006,12.90598098260746,7.421577492220505
38.95,11.717201263041447,7.736381206900629
39.0,10.574651202314493,8.01761458988797
39.050000000000004,9.49336378366251,8.262960119729396
39.1,8.484049235547563,8.471391221976479
39.150000000000006,7.553288192976673,8.643040853681688
39.2,6.704001035287009,8.779009023876673
39.25,5.936077967754611,8.881141999537611
39.300000000000004,5.247065908851361,8.951810932663912
39.35,4.6328325105983925,8.993709827156648
39.400000000000006,4.088155670035726,9.009684538345551
39.45,3.6072123308639923,9.002597447305957
39.5,3.1839599711960247,8.975227296869956
39.550000000000004,2.812417170674098,8.9302004780558
39.6,2.4868568262189377,8.869948496958386
39.650000000000006,2.2019283780131005,8.796685974736057
39.7,1.9527253185925764,8.712403892663733
39.75,1.734812546366827,8.618873534139762
39.800000000000004,1.5442257033711462,8.517657447229768
39.85,1.377452091600085,8.41012460194031
39.900000000000006,1.2314004214846699,8.297467665914164
39.95,1.103364659609594,8.180720939618245
40.0,0.9909856486838419,8.060777975763223
