arrival,start,finish,wait,queue_length
0.07558026516137374,0.07558026516137374,0.49406831589743827,0.0,0
0.47936097629875857,0.47936097629875857,2.762236762959725,0.0,1
1.70888354576043,1.70888354576043,3.0281234516641815,0.0,1
1.8796719128381847,1.8796719128381847,6.325188277341865,0.0,2
2.434745002648992,2.434745002648992,4.287031806170373,0.0,3
2.7937991610703086,2.7937991610703086,5.045687056949217,0.0,3
2.9273167937448377,3.0281234516641815,4.213570040665773,0.10080665791934385,4
3.8010362068583667,4.213570040665773,5.272635626853025,0.41253383380740605,4
4.358846157833279,4.358846157833279,6.815063725763428,0.0,3
4.401380285230316,5.045687056949217,5.2185537903726935,0.6443067717189006,4
4.772428014786978,5.2185537903726935,8.704350705016402,0.4461257755857151,4
5.003221825299446,5.272635626853025,6.866939439938158,0.2694138015535792,4
5.352409573397949,6.325188277341865,6.947963739891014,0.9727787039439155,4
5.7932866001569145,6.815063725763428,8.237617378295191,1.0217771256065138,4
6.706034782786257,6.866939439938158,8.239304393609272,0.16090465715190128,4
6.706874746670444,6.947963739891014,8.078800657989236,0.2410889932205702,4
7.122189606408922,8.078800657989236,9.381580222969012,0.9566110515803139,4
7.212677747606579,8.237617378295191,8.669353066934045,1.0249396306886123,4
7.332224166321568,8.239304393609272,10.313171277563658,0.9070802272877039,4
7.616905604480273,8.669353066934045,12.246274632220082,1.052447462453772,4
7.65011962925056,8.704350705016402,9.417370333789423,1.0542310757658422,4
8.160825527214856,9.381580222969012,9.915961469757248,1.220754695754156,4
8.92437602198481,9.417370333789423,10.234172857866694,0.4929943118046136,4
9.130118959774759,9.915961469757248,11.096358558476133,0.7858425099824888,4
9.30330835558734,10.234172857866694,11.673827033969632,0.9308645022793538,4
9.521848238693579,10.313171277563658,11.686469211070145,0.7913230388700789,4
9.551086666229608,11.096358558476133,11.280072310572992,1.5452718922465252,4
9.572020488883107,11.280072310572992,12.46752143842077,1.7080518216898852,4
10.230890409657722,11.673827033969632,13.005183975202785,1.4429366243119102,4
10.567113590396257,11.686469211070145,12.413553591106123,1.119355620673888,4
10.888420700684728,12.246274632220082,12.735190105470094,1.3578539315353542,4
11.04949110370969,12.413553591106123,15.21528234149285,1.364062487396433,4
11.322692862806482,12.46752143842077,12.925968366681486,1.1448285756142873,4
11.429176898267633,12.735190105470094,13.127635021491553,1.3060132072024615,4
11.601055382894447,12.925968366681486,13.07302413218951,1.3249129837870388,4
11.786279888764415,13.005183975202785,13.079201561223082,1.2189040864383696,4
11.830209364385789,13.07302413218951,13.513744218987389,1.2428147678037202,4
12.178529043777054,13.079201561223082,13.546443263839144,0.9006725174460275,4
12.418304413061465,13.127635021491553,14.094822412510203,0.7093306084300881,4
12.447053412346882,13.513744218987389,13.619294700080552,1.0666908066405068,4
12.561609095126038,13.546443263839144,15.63723573142114,0.9848341687131068,4
12.640496251549264,13.619294700080552,16.356964260478904,0.978798448531288,4
12.725051497372542,14.094822412510203,15.359360353510615,1.3697709151376607,4
12.798616800222394,15.21528234149285,16.141821554625135,2.416665541270456,4
12.850642707601454,15.359360353510615,15.841976039234503,2.5087176459091616,4
13.162294640806453,15.63723573142114,18.230252125930605,2.4749410906146867,4
13.317437746857753,15.841976039234503,16.088497265013057,2.52453829237675,4
13.999027678202646,16.088497265013057,16.13111783110476,2.089469586810411,4
14.081489516869631,16.13111783110476,18.14331828975406,2.049628314235129,4
14.365874830450467,16.141821554625135,18.25549442176219,1.775946724174668,4
14.857099901384455,16.356964260478904,16.84181462448008,1.499864359094449,4
15.37534794556954,16.84181462448008,17.276595829390626,1.466466678910539,4
15.480178677220609,17.276595829390626,18.59879271037046,1.796417152170017,4
16.081934738792196,18.14331828975406,18.631507325069123,2.061383550961864,4
16.210984086838288,18.230252125930605,19.043131198244602,2.0192680390923172,4
16.333201205555163,18.25549442176219,18.911989234446104,1.9222932162070272,4
16.72844303487358,18.59879271037046,18.953396959542186,1.870349675496879,4
17.46390205544042,18.631507325069123,19.267368294907218,1.1676052696287016,4
18.36697476879764,18.911989234446104,20.015179965499954,0.5450144656484639,4
18.500688297483556,18.953396959542186,19.192675695610188,0.4527086620586296,4
18.52852717140717,19.043131198244602,19.115575103523152,0.5146040268374321,4
18.748231842829604,19.115575103523152,19.80237214829926,0.3673432606935485,4
18.931994910897146,19.192675695610188,19.773570242635742,0.2606807847130419,4
19.807129417399363,19.807129417399363,20.93285188598321,0.0,1
20.05357037822933,20.05357037822933,21.784857580095046,0.0,1
20.103252538343636,20.103252538343636,23.250206988459865,0.0,2
20.353962093092896,20.353962093092896,20.985028372055417,0.0,3
20.385756746037096,20.93285188598321,22.83530326115623,0.5470951399461157,4
20.84895518189908,20.985028372055417,21.067910567503542,0.13607319015633834,4
20.853414976320394,21.067910567503542,22.874911292295224,0.2144955911831481,4
21.121342537147314,21.784857580095046,21.99441642851037,0.6635150429477328,4
21.27034656993207,21.99441642851037,22.942053135283555,0.7240698585783001,4
21.800266146663635,22.83530326115623,23.98891584935442,1.0350371144925958,4
21.870497802127943,22.874911292295224,23.124754031606987,1.0044134901672805,4
22.080163247931292,22.942053135283555,22.94983456926406,0.8618898873522625,4
22.319289730637955,22.94983456926406,26.872574147004233,0.6305448386261041,4
22.350586234563192,23.124754031606987,24.814445552002404,0.7741677970437948,4
22.596477166978882,23.250206988459865,25.349963055908436,0.653729821480983,4
22.820594291749337,23.98891584935442,25.288572903690476,1.1683215576050827,4
23.031743464946064,24.814445552002404,24.95963627576908,1.7827020870563395,4
23.466935043816925,24.95963627576908,25.983261202309702,1.4927012319521538,4
23.72232280529458,25.288572903690476,25.88626917836621,1.5662500983958942,4
23.888102618613882,25.349963055908436,25.53532380850353,1.461860437294554,4
23.888721308159347,25.53532380850353,25.697697708841396,1.6466025003441835,4
23.97821068356721,25.697697708841396,26.579832036386293,1.7194870252741872,4
24.175639401351,25.88626917836621,27.72510609507988,1.7106297770152104,4
24.328879570990615,25.983261202309702,26.665799973164752,1.6543816313190867,4
24.440841089710638,26.579832036386293,27.385177710874252,2.138990946675655,4
25.298629979963575,26.665799973164752,28.60736826545894,1.367169993201177,4
26.05147857747585,26.872574147004233,27.391124976665566,0.8210955695283815,4
26.423250500324485,27.385177710874252,28.21714540515449,0.9619272105497672,4
26.493052940242503,27.391124976665566,27.629123011154977,0.8980720364230628,4
26.673444717615126,27.629123011154977,28.87059779250397,0.9556782935398509,4
26.88060052620244,27.72510609507988,27.918626347446672,0.844505568877441,4
27.142241635440197,27.918626347446672,28.67198948296123,0.7763847120064753,4
27.732718195019785,28.21714540515449,30.73948019360817,0.48442721013470447,4
27.752919663399773,28.60736826545894,28.61312050106784,0.8544486020591684,4
27.924702541101986,28.61312050106784,28.617669949720074,0.6884179599658538,4
29.98614774703327,29.98614774703327,32.61217599591079,0.0,1
30.15752111381128,30.15752111381128,31.207706957373475,0.0,2
30.28680565891176,30.28680565891176,30.48885062770762,0.0,3
30.524500556389196,30.524500556389196,30.820252238140498,0.0,3
30.93284826652322,30.93284826652322,32.14588536335676,0.0,2
31.13195621186812,31.13195621186812,32.829345078961914,0.0,3
31.287052655490008,31.287052655490008,31.53007660655394,0.0,3
31.52869769352503,31.53007660655394,35.77023227568283,0.00137891302891191,4
31.803906045187873,32.14588536335676,32.742064375237256,0.3419793181688888,4
31.975043278529498,32.61217599591079,33.17318959588486,0.6371327173812915,4
32.042868854704544,32.742064375237256,34.69937042097128,0.6991955205327116,4
32.38978500452771,32.829345078961914,33.541495725677905,0.43956007443420475,4
33.451428827388334,33.451428827388334,34.19211824562746,0.0,3
33.59118739243637,33.59118739243637,34.66272715953437,0.0,3
33.6912396069496,34.19211824562746,34.204027756372206,0.500878638677861,4
33.77871074401903,34.204027756372206,35.544185308283495,0.425317012353176,4
33.80658333274586,34.66272715953437,35.7561168914176,0.8561438267885109,4
34.163370856416805,34.69937042097128,37.28288944644713,0.5359995645544728,4
34.24126327295721,35.544185308283495,36.54633482096829,1.302922035326283,4
34.84170410300342,35.7561168914176,36.07811083047417,0.9144127884141753,4
35.57988534854415,35.77023227568283,36.97486338975193,0.19034692713867685,4
35.58374517196234,36.07811083047417,39.05190213347318,0.4943656585118248,4
35.92302118841247,36.54633482096829,37.546247458783036,0.6233136325558206,4
35.94214923879618,36.97486338975193,38.72145757616132,1.0327141509557478,4
36.10532932453899,37.28288944644713,40.432050060749674,1.1775601219081366,4
36.65817200632378,37.546247458783036,39.12739326545693,0.8880754524592547,4
36.98982542935435,38.72145757616132,38.72379594529408,1.731632146806973,4
37.16711929219688,38.72379594529408,39.783615542298506,1.556676653097199,4
37.66140015791057,39.05190213347318,39.85071459445056,1.3905019755626071,4
37.66988735269581,39.12739326545693,40.15098758560622,1.4575059127611212,4
37.69840687986721,39.783615542298506,40.74906683533726,2.085208662431299,4
37.70905289786097,39.85071459445056,40.559277711532694,2.141661696589587,4
38.13874883322358,40.15098758560622,40.51714980495822,2.012238752382636,4
38.24421961016905,40.432050060749674,40.52213758732233,2.187830450580627,4
38.367865948486426,40.51714980495822,41.32366834285611,2.149283856471797,4
38.65478476825977,40.52213758732233,41.50072011082986,1.8673528190625532,4
38.69164661339901,40.559277711532694,42.38504388746999,1.8676310981336854,4
38.8386309543245,40.74906683533726,41.96811104658325,1.9104358810127593,4
39.92695091999293,41.32366834285611,41.641453928587026,1.3967174228631762,4
40.37338473240274,41.50072011082986,41.767672682790426,1.1273353784271194,4
40.411160270262485,41.641453928587026,41.73688204397655,1.2302936583245412,4
40.677025669703156,41.73688204397655,43.01113636133133,1.0598563742733944,4
40.74006314690069,41.767672682790426,42.236185924945296,1.027609535889738,4
40.88361899578135,41.96811104658325,43.69768895419485,1.0844920508019058,4
40.89026646413033,42.236185924945296,42.68111746207189,1.3459194608149687,4
40.90996622522138,42.38504388746999,42.65583035954221,1.4750776622486086,4
41.57992658610349,42.65583035954221,43.31978759380734,1.0759037734387178,4
41.758655604057815,42.68111746207189,43.77405954836871,0.9224618580140742,4
41.87810151852748,43.01113636133133,43.077211711547584,1.133034842803852,4
41.916097659508225,43.077211711547584,44.367301046114434,1.161114052039359,4
42.13211821832164,43.31978759380734,44.870371261422626,1.1876693754857044,4
42.268792072546965,43.69768895419485,44.10364196548897,1.428896881647887,4
42.336273652734114,43.77405954836871,45.58438665769137,1.4377858956345975,4
42.54143529234528,44.10364196548897,44.40584363412647,1.5622066731436917,4
42.68055642113307,44.367301046114434,44.648315592027785,1.6867446249813653,4
43.09363360151175,44.40584363412647,46.19141669947929,1.312210032614722,4
43.247309274840816,44.648315592027785,45.069134747583824,1.4010063171869689,4
43.42567324256452,44.870371261422626,45.40757563086149,1.4446980188581051,4
43.56456706785891,45.069134747583824,45.594889348104765,1.5045676797249143,4
43.65714575474146,45.40757563086149,46.23314655990701,1.7504298761200303,4
43.836811577768906,45.58438665769137,45.74876001104433,1.7475750799224627,4
44.065968674134425,45.594889348104765,47.52644912645339,1.5289206739703403,4
44.917769933900246,45.74876001104433,45.986496357851166,0.8309900771440866,4
45.10325832574722,45.986496357851166,46.44154689506352,0.8832380321039466,4
45.244095655377656,46.19141669947929,47.33541367492135,0.9473210441016349,4
45.43521179156088,46.23314655990701,46.435942047541886,0.7979347683461313,4
45.46402049017641,46.435942047541886,46.8732811169141,0.9719215573654765,4
45.6899072841805,46.44154689506352,46.556948080569,0.7516396108830179,4
46.531911305144334,46.556948080569,46.64368321500603,0.025036775424666757,4
46.56847273898085,46.64368321500603,48.22099927719536,0.07521047602517683,4
46.616471368961676,46.8732811169141,47.49326832164574,0.25680974795242406,4
46.65184710162855,47.33541367492135,47.82219263966085,0.6835665732928007,4
46.863008212495856,47.49326832164574,47.717751789941076,0.6302601091498872,4
47.217505588045725,47.52644912645339,48.47334718517173,0.308943538407668,4
47.24295135014929,47.717751789941076,48.83126679550509,0.4748004397917853,4
48.47976357955096,48.47976357955096,48.82378977252106,0.0,1
48.49651194076551,48.49651194076551,50.36982983754187,0.0,2
48.510370950659286,48.510370950659286,50.93405005791652,0.0,3
48.52575735830627,48.82378977252106,48.837627026263505,0.2980324142147879,4
48.65079512991144,48.83126679550509,51.357491201501304,0.18047166559365024,4
49.189793712679574,49.189793712679574,49.557329425664115,0.0,3
49.29190193321077,49.557329425664115,49.69792461666334,0.2654274924533482,4
49.793097220203904,49.793097220203904,50.73387754845369,0.0,3
50.1079072741853,50.36982983754187,50.46807566873491,0.2619225633565705,4
50.26102157717185,50.46807566873491,51.991278557765725,0.20705409156305876,4
50.31835318554105,50.73387754845369,52.629935532027346,0.4155243629126417,4
50.59657350720302,50.93405005791652,51.2763686870348,0.3374765507135038,4
50.805463200009314,51.2763686870348,51.49738620510467,0.4709054870254832,4
50.99694210095847,51.357491201501304,51.69282459821402,0.3605491005428334,4
51.38504263314595,51.49738620510467,51.73262816061502,0.1123435719587178,4
51.436898460701755,51.69282459821402,52.059642815579686,0.2559261375122617,4
51.54033255175257,51.73262816061502,51.85629478758596,0.19229560886245167,4
51.85976049137508,51.85976049137508,52.245905700118335,0.0,3
51.95166455583587,51.991278557765725,52.174017360596565,0.03961400192985565,4
52.47649662843114,52.47649662843114,54.67022900233967,0.0,1
52.52775693843055,52.52775693843055,52.800453160452584,0.0,2
52.86794962574926,52.86794962574926,54.01327858651537,0.0,1
53.0683552056511,53.0683552056511,53.16561969289311,0.0,2
53.10598734597624,53.10598734597624,54.70563852235645,0.0,3
53.55627068994768,53.55627068994768,54.54326165936616,0.0,3
53.85582150821035,54.01327858651537,54.208634777186475,0.15745707830502198,4
54.19510919667262,54.208634777186475,54.64349501278975,0.013525580513856994,4
54.55033596433082,54.55033596433082,55.271408256519656,0.0,3
54.550758700217074,54.64349501278975,55.07839749115734,0.09273631257267567,4
54.73748658531085,54.73748658531085,57.753701176046356,0.0,2
54.85758127436665,54.85758127436665,55.63513699658046,0.0,3
54.96030609779556,55.07839749115734,59.20637723679775,0.1180913933617802,4
55.453912033732166,55.453912033732166,57.03295237452586,0.0,3
55.58923895383787,55.63513699658046,56.24561149652741,0.04589804274258569,4
55.67144481957281,56.24561149652741,58.69962500180394,0.5741666769545972,4
55.68935216340218,57.03295237452586,57.108033859100416,1.343600211123686,4
55.72249561667285,57.108033859100416,58.79723472583842,1.3855382424275646,4
56.836724108026274,57.753701176046356,58.302253504606696,0.9169770680200813,4
57.00438136875491,58.302253504606696,58.417282969838965,1.297872135851783,4
57.03981341109897,58.417282969838965,59.831794737454025,1.377469558739996,4
57.0521193660879,58.69962500180394,59.56372682805828,1.647505635716037,4
57.22746429632012,58.79723472583842,61.40719629855227,1.5697704295183001,4
57.38130349816468,59.20637723679775,59.38379285456517,1.8250737386330727,4
57.79975053359742,59.38379285456517,59.93895242704255,1.5840423209677539,4
58.09101846485108,59.56372682805828,60.607023655411304,1.4727083632071967,4
58.09488188549355,59.831794737454025,60.31686011736631,1.7369128519604757,4
58.09831823325625,59.93895242704255,60.94979220742197,1.8406341937863004,4
58.35760774291984,60.31686011736631,60.45319858292571,1.9592523744464714,4
58.46249808055865,60.45319858292571,61.549466657982414,1.990700502367055,4
58.759290321390345,60.607023655411304,61.63786683176901,1.8477333340209583,4
58.79561756299955,60.94979220742197,63.98647149126402,2.154174644422419,4
58.88702126155318,61.40719629855227,62.412028707753734,2.520175036999092,4
58.9424943539184,61.549466657982414,61.73850836526265,2.6069723040640156,4
59.496250861399666,61.63786683176901,62.61303636694909,2.141615970369344,4
59.70705953683711,61.73850836526265,62.928332696749024,2.031448828425546,4
60.26846994658046,62.412028707753734,63.70642246037308,2.1435587611732743,4
60.30394731314138,62.61303636694909,62.639297395531266,2.3090890538077105,4
60.475226811611506,62.639297395531266,63.263808540382755,2.1640705839197594,4
61.1702015610386,62.928332696749024,63.3223567342928,1.7581311357104212,4
61.64624503808224,63.263808540382755,67.48104282948277,1.6175635023005128,4
61.82024164145689,63.3223567342928,63.61379189856991,1.5021150928359148,4
62.4199982718682,63.61379189856991,64.4411046760802,1.193793626701705,4
62.534939370164246,63.70642246037308,64.6256288247318,1.171483090208838,4
62.83978422603011,63.98647149126402,65.27104215085278,1.1466872652339077,4
62.84893146264339,64.4411046760802,65.20024672355906,1.5921732134368085,4
62.85248222901799,64.6256288247318,67.30552771163374,1.7731465957138184,4
62.88238100286565,65.20024672355906,66.23976373752753,2.317865720693412,4
62.91819827534782,65.27104215085278,65.70251415674201,2.352843875504959,4
63.299285367122145,65.70251415674201,66.00642067442678,2.4032287896198667,4
63.57581039722692,66.00642067442678,66.6375442753775,2.430610277199861,4
63.609480425910775,66.23976373752753,66.5541862318367,2.6302833116167506,4
63.620835728083826,66.5541862318367,66.70848910679446,2.9333505037528695,4
63.76834915831349,66.6375442753775,69.07817192493505,2.8691951170640024,4
63.88355265642369,66.70848910679446,66.85151515523714,2.824936450370771,4
64.72557406839874,66.85151515523714,67.23474777059855,2.125941086838395,4
65.49536241192428,67.23474777059855,67.23540745692512,1.7393853586742694,4
66.29261894218395,67.23540745692512,67.43038184828119,0.9427885147411672,4
67.26805573760647,67.30552771163374,68.41068119299496,0.03747197402726954,4
67.38732710310727,67.43038184828119,69.05553054835173,0.04305474517391872,4
67.51787690982447,67.51787690982447,68.1092509705598,0.0,3
67.88407686589191,68.1092509705598,70.36828344141443,0.2251741046678859,4
67.97446871280177,68.41068119299496,69.50207342585846,0.43621248019319125,4
68.28896606828961,69.05553054835173,70.90165677362037,0.7665644800621152,4
68.47903338821948,69.07817192493505,69.55022023464974,0.5991385367155715,4
68.49874529552342,69.50207342585846,69.73348963625149,1.003328130335035,4
68.65738823902625,69.55022023464974,70.17685968094514,0.8928319956234958,4
69.14216008428679,69.73348963625149,70.48059683197309,0.591329551964705,4
69.34555628988468,70.17685968094514,71.12075958811432,0.8313033910604588,4
69.41764902141091,70.36828344141443,71.98305699991062,0.9506344200035244,4
69.42885367040243,70.48059683197309,70.81847738439969,1.0517431615706556,4
69.56610683562421,70.81847738439969,71.27417426616984,1.252370548775474,4
69.59869824243579,70.90165677362037,70.92755022531674,1.3029585311845864,4
69.63825429939611,70.92755022531674,74.60193692878798,1.2892959259206265,4
69.73989252397782,71.12075958811432,71.50261536696978,1.3808670641365097,4
69.74489482969143,71.27417426616984,76.60236015566232,1.5292794364784044,4
70.0062050392575,71.50261536696978,71.50831375409226,1.496410327712283,4
70.10336383255661,71.50831375409226,72.99296052488828,1.4049499215356462,4
70.27255440780674,71.98305699991062,73.37670660882804,1.7105025921038788,4
70.54001918018903,72.99296052488828,75.53769389406426,2.4529413446992407,4
70.89567345628218,73.37670660882804,75.14983421384417,2.481033152545862,4
71.13956170781631,74.60193692878798,75.41435165297325,3.4623752209716656,4
71.48496262987742,75.14983421384417,76.11717824626099,3.6648715839667574,4
71.52222490691635,75.41435165297325,77.79291211691742,3.8921267460569027,4
71.60136535843405,75.53769389406426,76.65164532911325,3.93632853563021,4
71.91847322285186,76.11717824626099,77.38309346982018,4.198705023409133,4
71.98390812092383,76.60236015566232,77.30803530695327,4.618452034738496,4
72.72481920230715,76.65164532911325,78.75789728232732,3.9268261268061053,4
73.20839947193315,77.30803530695327,77.8645521960408,4.099635835020123,4
73.41601803138961,77.38309346982018,77.99325958060803,3.9670754384305695,4
73.46192562566969,77.79291211691742,78.55165893365334,4.330986491247728,4
73.65365344157215,77.8645521960408,78.11696406699159,4.2108987544686585,4
74.2048962332112,77.99325958060803,78.69002729255519,3.7883633473968246,4
74.50514090620666,78.11696406699159,78.42936027214031,3.6118231607849225,4
74.85805483358642,78.42936027214031,78.5801252460129,3.5713054385538925,4
75.04820078247367,78.55165893365334,78.7340070246322,3.5034581511796716,4
75.07412698984312,78.5801252460129,78.65867752793046,3.505998256169775,4
76.5336619396455,78.65867752793046,80.18243870043037,2.125015588284967,4
76.82154654392978,78.69002729255519,80.67504352408749,1.8684807486254016,4
77.09570213620864,78.7340070246322,79.71341980555864,1.638304888423562,4
77.16009702545556,78.75789728232732,78.88969058795227,1.5978002568717642,4
77.91195095562834,78.88969058795227,79.5942434866527,0.9777396323239316,4
77.99409034601983,79.5942434866527,80.68288476104698,1.6001531406328695,4
78.65333383756956,79.71341980555864,80.05080350855351,1.0600859679890817,4
78.71735982162761,80.05080350855351,80.83577667541427,1.3334436869259036,4
78.81541456764319,80.18243870043037,81.1991903979923,1.3670241327871793,4
78.9302616611628,80.67504352408749,81.51786431080095,1.7447818629246825,4
79.05789962898534,80.68288476104698,81.4407316605927,1.6249851320616386,4
79.43748392237578,80.83577667541427,82.45081713320002,1.3982927530384899,4
79.46368807549594,81.1991903979923,84.27298254824285,1.7355023224963588,4
79.64277006871215,81.4407316605927,83.08270728604377,1.7979615918805507,4
80.30762199700973,81.51786431080095,81.765611152888,1.2102423137912126,4
80.40005019639378,81.765611152888,82.49679999295812,1.365560956494221,4
80.90958182712079,82.45081713320002,82.96560828795643,1.5412353060792299,4
81.01706158753136,82.49679999295812,83.33535391197839,1.4797384054267582,4
81.03252592444301,82.96560828795643,84.35366185718391,1.9330823635134209,4
81.23041544479159,83.08270728604377,83.21945006999519,1.8522918412521818,4
81.68009947806209,83.21945006999519,83.28881486602467,1.5393505919331005,4
81.73016807383944,83.28881486602467,84.50255641930374,1.558646792185229,4
81.79372728449657,83.33535391197839,83.3990669212562,1.5416266274818184,4
82.04058313303875,83.3990669212562,83.59048140473506,1.3584837882174554,4
82.4182292499584,83.59048140473506,85.32352746606236,1.1722521547766576,4
82.47971257823328,84.27298254824285,86.44884098427228,1.7932699700095753,4
82.62544034652291,84.35366185718391,84.45621896942713,1.728221510661001,4
82.7294872102868,84.45621896942713,84.52068443305201,1.7267317591403213,4
83.02608187872754,84.50255641930374,84.54015038869639,1.4764745405762056,4
83.23792922753805,84.52068443305201,84.99863549586547,1.2827552055139648,4
83.47628483697075,84.54015038869639,89.53503853955165,1.063865551725641,4
83.49830070743467,84.99863549586547,86.94410974650039,1.5003347884308056,4
84.58645274221615,85.32352746606236,86.48105394736115,0.7370747238462059,4
84.79205029029083,86.44884098427228,88.95072178450413,1.6567906939814492,4
84.84855041097887,86.48105394736115,88.39760908770296,1.6325035363822735,4
85.07107919759362,86.94410974650039,89.11396712962969,1.873030548906769,4
85.16974801241207,88.39760908770296,88.40408938436964,3.227861075290889,4
85.43126500210707,88.40408938436964,89.64403044333167,2.972824382262573,4
85.45355422174727,88.95072178450413,89.07058791356579,3.4971675627568573,4
85.79605375704021,89.07058791356579,89.74375327369732,3.2745341565255757,4
85.85652767903008,89.11396712962969,89.91116744580701,3.2574394505996054,4
85.94233436602705,89.53503853955165,90.32484071319456,3.592704173524595,4
86.01984095042745,89.64403044333167,89.9023029479018,3.6241894929042218,4
86.06336717518798,89.74375327369732,92.92222662274422,3.680386098509345,4
86.2020137372363,89.9023029479018,92.0973911528532,3.7002892106655025,4
87.18241560846336,89.91116744580701,91.70692020857405,2.7287518373436512,4
87.55031975401573,90.32484071319456,96.01579028394248,2.7745209591788296,4
87.90987734292166,91.70692020857405,92.15057836001974,3.7970428656523865,4
88.46566265978082,92.0973911528532,94.07502958793428,3.631728493072387,4
88.46733421564853,92.15057836001974,92.39122220362978,3.6832441443712014,4
88.77784744836934,92.39122220362978,93.53173782536743,3.6133747552604376,4
89.49606143002207,92.92222662274422,95.07679334430614,3.426165192722152,4
89.53713921765902,93.53173782536743,94.86188044660129,3.9945986077084115,4
90.25705238612842,94.07502958793428,94.47486501864793,3.81797720180586,4
90.36089332100995,94.47486501864793,95.4658803937273,4.113971697637979,4
90.76414262851668,94.86188044660129,95.1774917811718,4.09773781808461,4
91.19407156818919,95.07679334430614,95.78747181007779,3.882721776116952,4
91.31192523300732,95.1774917811718,95.5972874076952,3.8655665481644803,4
91.41164865417923,95.4658803937273,97.38827779697596,4.054231739548072,4
91.58285898448031,95.5972874076952,96.38675683550339,4.014428423214895,4
91.96230435111325,95.78747181007779,96.99422166598393,3.8251674589645432,4
92.32581599705064,96.01579028394248,96.10358791703062,3.6899742868918395,4
92.41327052690644,96.10358791703062,96.51991902168857,3.6903173901241786,4
92.49874773367053,96.38675683550339,96.57687067690748,3.888009101832864,4
93.12395918233273,96.51991902168857,97.3107155059033,3.3959598393558394,4
93.76120678452563,96.57687067690748,96.65106973385237,2.815663892381849,4
94.81288901859567,96.65106973385237,97.00581755563769,1.8381807152566978,4
94.95381747778958,96.99422166598393,97.2425926657253,2.040404188194344,4
94.95576570640482,97.00581755563769,99.31415795422589,2.0500518492328723,4
95.07658005207608,97.2425926657253,97.71959509592111,2.1660126136492153,4
95.0811459168118,97.3107155059033,98.57947210201752,2.229569589091497,4
95.1462915421147,97.38827779697596,99.99046824408698,2.24198625486126,4
95.58962288477422,97.71959509592111,97.78697250607593,2.1299722111468924,4
95.70623403000751,97.78697250607593,97.98781613679547,2.0807384760684187,4
95.89472703522094,97.98781613679547,99.26835131671962,2.0930891015745345,4
96.60870865570264,98.57947210201752,99.62518960601815,1.9707634463148764,4
96.67689083259121,99.26835131671962,99.37800247673371,2.5914604841284046,4
96.71591926630391,99.31415795422589,100.4182003263079,2.5982386879219774,4
96.80221890865282,99.37800247673371,101.01418846100076,2.575783568080894,4
96.87825314781769,99.62518960601815,100.49615766609014,2.746936458200466,4
97.67648967896122,99.99046824408698,100.97984976157223,2.3139785651257654,4
97.7823389795067,100.4182003263079,102.35202721881478,2.6358613468011924,4
98.52167329928297,100.49615766609014,102.73240713835796,1.9744843668071752,4
99.20692010350466,100.97984976157223,101.15994705785712,1.772929658067568,4
99.37570977493162,101.01418846100076,102.6750520970425,1.638478686069135,4
99.38967683333323,101.15994705785712,104.54787070933251,1.7702702245238982,4
99.41426833349642,102.35202721881478,104.04414736050396,2.9377588853183596,4
99.5127255374729,102.6750520970425,103.83036033924553,3.1623265595695926,4
99.5701826916128,102.73240713835796,104.40527988099797,3.1622244467451566,4
99.73439673803297,103.83036033924553,103.90260048745047,4.09596360121256,4
99.78995784240917,103.90260048745047,105.64730417884543,4.112642645041305,4
99.92901950727192,104.04414736050396,104.84782285994297,4.115127853232039,4
100.09367598621127,104.40527988099797,106.17348470876055,4.3116038947867,4
100.26501127324902,104.54787070933251,104.74650665467003,4.282859436083498,4
100.30114616503562,104.74650665467003,105.27213745197183,4.44536048963441,4
100.78250665108715,104.84782285994297,104.92249996355557,4.065316208855819,4
100.80818913607418,104.92249996355557,105.20483784352409,4.11431082748139,4
101.18093382204923,105.20483784352409,105.37166111243492,4.023904021474863,4
101.45251435546702,105.27213745197183,107.80855908773025,3.819623096504813,4
101.57623234798298,105.37166111243492,105.91442830997363,3.795428764451941,4
102.54243198031459,105.64730417884543,107.09325517505444,3.104872198530842,4
102.78343897773439,105.91442830997363,106.6701326384467,3.1309893322392384,4
103.66160010350913,106.17348470876055,106.71377497294536,2.5118846052514243,4
103.69233467957737,106.6701326384467,108.81910173146443,2.9777979588693313,4
103.76276548339312,106.71377497294536,109.76552550846613,2.9510094895522343,4
103.8628959524922,107.09325517505444,107.40002634531562,3.2303592225622424,4
103.87882007094942,107.40002634531562,108.440141161379,3.5212062743662074,4
104.06326831303888,107.80855908773025,108.8164475207778,3.7452907746913695,4
104.14528961131437,108.440141161379,109.25413329297962,4.294851550064635,4
104.44600317647966,108.8164475207778,109.69371662320258,4.370444344298136,4
104.92834460880404,108.81910173146443,109.5664985157534,3.890757122660389,4
104.99502578468719,109.25413329297962,110.2574708432493,4.259107508292431,4
105.02765550424314,109.5664985157534,109.56842184029209,4.538843011510252,4
105.40228764209418,109.56842184029209,110.2382565268559,4.166134198197909,4
105.44991696379901,109.69371662320258,110.25768993314318,4.243799659403564,4
106.07893044204735,109.76552550846613,110.25049812820444,3.686595066418775,4
106.16952624750334,110.2382565268559,112.86353681995395,4.068730279352565,4
106.43640846728132,110.25049812820444,110.78349117628044,3.8140896609231163,4
106.62940885332354,110.2574708432493,110.99701312072563,3.6280619899257545,4
106.98033590437701,110.25768993314318,110.79084082900054,3.277354028766169,4
107.14050953832681,110.78349117628044,111.02089517895287,3.642981637953625,4
107.16187599790193,110.79084082900054,111.25835793636857,3.628964831098614,4
107.22095067837034,110.99701312072563,112.14584463320608,3.7760624423552827,4
108.38178454860986,111.02089517895287,112.81776812996172,2.639110630343012,4
108.65610741761002,111.25835793636857,114.27693241025413,2.6022505187585523,4
109.08989838159214,112.14584463320608,112.84477413722168,3.055946251613946,4
109.13100456681359,112.81776812996172,113.06784533454308,3.6867635631481335,4
109.18552315401921,112.84477413722168,112.89705098480748,3.659250983202469,4
109.28417780927442,112.86353681995395,113.96369639093022,3.579359010679525,4
109.81574632244156,112.89705098480748,112.93246308233168,3.0813046623659233,4
110.21389736338818,112.93246308233168,116.78500422372208,2.718565718943495,4
110.51003661029233,113.06784533454308,113.40644387445529,2.557808724250748,4
111.09445162218867,113.40644387445529,113.68226986572196,2.31199225226662,4
111.35758210062198,113.68226986572196,114.31075976135979,2.3246877650999807,4
111.5107291001107,113.96369639093022,114.61627308443495,2.4529672908195295,4
111.70219176993481,114.27693241025413,114.88779289537172,2.5747406403193196,4
111.95274201727646,114.31075976135979,116.10328383297214,2.3580177440833268,4
112.39504023143816,114.61627308443495,117.39513565193775,2.221232852996792,4
112.41150961110924,114.88779289537172,115.35570192028305,2.476283284262479,4
112.4948795658586,115.35570192028305,115.73523067021688,2.8608223544244566,4
113.16533774483496,115.73523067021688,116.44516168155273,2.5698929253819216,4
113.26031605027377,116.10328383297214,120.68867370724209,2.8429677826983664,4
113.2757251337872,116.44516168155273,116.68607956151493,3.169436547765528,4
113.2757918118326,116.68607956151493,117.63367098434881,3.4102877496823254,4
113.48870357557149,116.78500422372208,117.2060253851864,3.2963006481505914,4
113.55881216929349,117.2060253851864,118.21905111281752,3.6472132158929043,4
113.56161242070239,117.39513565193775,117.86909669093804,3.833523231235361,4
113.5828695323806,117.63367098434881,119.66574438311086,4.050801451968212,4
113.70255741011594,117.86909669093804,118.86787833208176,4.166539280822093,4
114.14864139389648,118.21905111281752,118.40397343058008,4.0704097189210415,4
114.40553513977352,118.40397343058008,119.31364887835915,3.998438290806561,4
114.50947361672671,118.86787833208176,120.71241886854776,4.35840471535505,4
114.55740196116604,119.31364887835915,123.59500051046832,4.75624691719311,4
114.94022065457878,119.66574438311086,120.30842596442724,4.725523728532082,4
115.04178410111975,120.30842596442724,120.91546598237197,5.266641863307498,4
115.31283989506622,120.68867370724209,121.98977951841348,5.37583381217587,4
115.65699119953136,120.71241886854776,121.05583333698834,5.055427669016396,4
115.74896891719817,120.91546598237197,123.47799474527326,5.1664970651738,4
115.86430263801148,121.05583333698834,121.10756076739477,5.191530698976862,4
116.03196429905921,121.10756076739477,121.83648692405666,5.075596468335561,4
116.07551271067526,121.83648692405666,122.64928356136842,5.760974213381402,4
116.34663948626817,121.98977951841348,122.28850118994768,5.643140032145311,4
116.4295949974086,122.28850118994768,122.8508244851683,5.858906192539081,4
116.6801708154721,122.64928356136842,125.3527496494394,5.969112745896325,4
116.81198318271213,122.8508244851683,123.29998915175933,6.038841302456177,4
117.11886532545182,123.29998915175933,124.1776501781847,6.181123826307513,4
117.34908389255564,123.47799474527326,125.13902366539305,6.128910852717624,4
117.42100079479694,123.59500051046832,124.59486439127564,6.1739997156713855,4
117.51090626780844,124.1776501781847,127.79172261078615,6.666743910376269,4
118.18990153162207,124.59486439127564,125.81929381899172,6.4049628596535655,4
118.21454942673557,125.13902366539305,125.14329758679125,6.924474238657481,4
118.22564463851906,125.14329758679125,125.633909636986,6.917652948272192,4
118.55400695178179,125.3527496494394,127.8585254107132,6.798742697657616,4
118.5688255283566,125.633909636986,125.75216316371055,7.0650841086294065,4
119.31815936780863,125.75216316371055,126.12377200273899,6.434003795901916,4
120.2703372531021,125.81929381899172,126.54603566565038,5.548956565889625,4
120.36192500965021,126.12377200273899,129.35820565160776,5.761846993088781,4
121.75934172518994,126.54603566565038,126.77411964510928,4.786693940460438,4
121.77885701402097,126.77411964510928,127.88358070375274,4.995262631088309,4
123.03017413382281,127.79172261078615,128.94254523077845,4.761548476963341,4
123.58513530363102,127.8585254107132,128.51988585022892,4.273390107082179,4
124.05693314973769,127.88358070375274,128.79107963169463,3.8266475540150537,4
124.2046935765233,128.51988585022892,128.61807612184614,4.31519227370562,4
124.23401296011198,128.61807612184614,129.63477409659725,4.384063161734161,4
124.27980989661603,128.79107963169463,128.83748686039021,4.511269735078599,4
124.32987488106014,128.83748686039021,130.42328250296367,4.507611979330079,4
124.77095784327615,128.94254523077845,130.89157351189388,4.171587387502299,4
125.46211040396066,129.35820565160776,132.5790944067815,3.8960952476470965,4
125.50338125115648,129.63477409659725,132.41598652392176,4.131392845440772,4
126.33520082867014,130.42328250296367,131.0479447077195,4.088081674293534,4
126.73860815639807,130.89157351189388,132.49779371519352,4.152965355495809,4
126.74890064051586,131.0479447077195,132.92257456342284,4.2990440672036385,4
126.87765080532894,132.41598652392176,133.32185152847987,5.538335718592819,4
127.34278471666984,132.49779371519352,132.80517667272446,5.155008998523684,4
127.48172079668201,132.5790944067815,133.183780072201,5.0973736100994955,4
127.75973003405116,132.80517667272446,133.18208223045426,5.0454466386732975,4
127.87790452850922,132.92257456342284,133.35378244080252,5.044670034913622,4
127.97990220240943,133.18208223045426,133.22845019069214,5.202180028044822,4
128.02111459254215,133.183780072201,133.51576147577185,5.162665479658841,4
128.0869613611714,133.22845019069214,134.67360921197124,5.141488829520739,4
128.45856023892046,133.32185152847987,135.16751277185756,4.863291289559413,4
128.60296809128042,133.35378244080252,133.41278783648568,4.750814349522102,4
128.9792651091114,133.41278783648568,136.56876328112767,4.433522727374282,4
129.08540746197755,133.51576147577185,133.79534204436615,4.4303540137943,4
129.09784113812287,133.79534204436615,134.92786268453204,4.6975009062432775,4
129.87615257242476,134.67360921197124,135.05927405348388,4.797456639546482,4
130.3414863875206,134.92786268453204,134.99906997429594,4.586376297011441,4
130.61741616209827,134.99906997429594,137.0071792671327,4.381653812197669,4
131.10888365922187,135.05927405348388,135.24428008254353,3.9503903942620013,4
131.21509116729072,135.16751277185756,135.54873954664285,3.9524216045668368,4
131.3584786463611,135.24428008254353,136.16842186061407,3.885801436182419,4
131.5151667693888,135.54873954664285,138.55846907863616,4.033572777254051,4
131.66001297332863,136.16842186061407,137.10243444889431,4.508408887285441,4
133.15402203372338,136.56876328112767,137.85981877662834,3.4147412474042937,4
133.26042449757827,137.0071792671327,137.42941995054025,3.7467547695544283,4
133.56530756744206,137.10243444889431,137.6513920752687,3.5371268814522523,4
133.76463694182937,137.42941995054025,139.3177216185326,3.6647830087108844,4
134.0049132681484,137.6513920752687,137.7514373378043,3.6464788071202747,4
134.01430689606815,137.7514373378043,140.94140231211517,3.7371304417361557,4
134.4512170584592,137.85981877662834,139.42331068698812,3.4086017181691375,4
134.53576014754486,138.55846907863616,139.1928169922693,4.022708931091302,4
134.78708821370927,139.1928169922693,140.34570366962572,4.405728778560018,4
135.06270304553692,139.3177216185326,139.51355200031813,4.255018572995681,4
135.51671007527835,139.42331068698812,140.036762026763,3.906600611709763,4
135.6840804598135,139.51355200031813,141.5181599436343,3.829471540504642,4
135.8292431659675,140.036762026763,140.4751340036027,4.2075188607954885,4
135.89477191089316,140.34570366962572,140.81698586737514,4.450931758732565,4
135.9290329803881,140.4751340036027,140.67108775603546,4.546101023214618,4
136.20908593396118,140.67108775603546,141.51379244808652,4.462001822074285,4
136.37654067216778,140.81698586737514,140.91551311997966,4.44044519520736,4
136.93737249783865,140.91551311997966,141.08583456021907,3.9781406221410123,4
137.32277650364767,140.94140231211517,141.7531634140855,3.618625808467499,4
137.72238181940435,141.08583456021907,141.67732687487313,3.363452740814722,4
137.87681692218948,141.51379244808652,141.88352239639704,3.636975525897043,4
138.07591610533714,141.5181599436343,141.6174998397975,3.442243838297145,4
138.4325825990003,141.6174998397975,144.54698409383784,3.1849172407971764,4
138.55441159039108,141.67732687487313,143.38358804023872,3.1229152844820476,4
138.88534342508336,141.7531634140855,141.7646643505865,2.867819989002129,4
139.20679284472763,141.7646643505865,141.89159360271677,2.5578715058588557,4
139.33217137758425,141.88352239639704,142.39236829945025,2.5513510188127952,4
139.33699549144168,141.89159360271677,142.1525636951442,2.5545981112750837,4
139.39805256146587,142.1525636951442,142.44109084756738,2.754511133678335,4
139.46156989869,142.39236829945025,145.40465602023102,2.930798400760267,4
139.5377008252337,142.44109084756738,142.62853431398287,2.9033900223336673,4
139.56896440880132,142.62853431398287,143.2067371951526,3.0595699051815473,4
139.82457078384076,143.2067371951526,143.3755172619605,3.3821664113118572,4
140.26111244182354,143.3755172619605,144.59624837904065,3.1144048201369685,4
140.4383738830878,143.38358804023872,144.79025160180868,2.9452141571509287,4
140.50989423971524,144.54698409383784,145.0748090013346,4.037089854122598,4
140.51527019156728,144.59624837904065,145.60805999565468,4.080978187473363,4
141.03754572387106,144.79025160180868,145.1744601605391,3.752705877937615,4
141.08916258080208,145.0748090013346,145.9627020280389,3.985646420532504,4
141.6072252125894,145.1744601605391,147.1201709632056,3.567234947949686,4
142.2207842547945,145.40465602023102,146.2063208791334,3.183871765436521,4
142.7756685123449,145.60805999565468,145.7744155661211,2.8323914833097774,4
142.8080066521166,145.7744155661211,146.49066768370636,2.9664089140044894,4
142.83059764001453,145.9627020280389,146.07453112863044,3.1321043880243735,4
142.91678425451622,146.07453112863044,146.18510688793432,3.157746874114224,4
143.10770382530438,146.18510688793432,146.42917777513654,3.0774030626299407,4
143.2444526007285,146.2063208791334,147.38926585120026,2.961868278404893,4
143.2810927061194,146.42917777513654,146.59615834853759,3.148085069017128,4
143.46333866319569,146.49066768370636,146.78921397250258,3.0273290205106775,4
143.5053305244066,146.59615834853759,146.8558032384061,3.090827824130997,4
143.90203505838372,146.78921397250258,147.01250460367305,2.887178914118863,4
144.24769250316953,146.8558032384061,147.3772061255605,2.608110735236579,4
144.86650375305297,147.01250460367305,147.40259668300772,2.1460008506200836,4
144.9618932585123,147.1201709632056,147.96334305523337,2.1582777046932904,4
145.30947773440468,147.3772061255605,147.39565212504777,2.0677283911558106,4
145.3666820703616,147.38926585120026,148.15649164884695,2.0225837808386586,4
145.7559170661358,147.39565212504777,147.80294576269347,1.639735058911981,4
146.0823249513612,147.40259668300772,148.0668631602355,1.3202717316465282,4
146.09232696607071,147.80294576269347,148.67826974551625,1.7106187966227537,4
146.3543799714119,147.96334305523337,147.97116822720523,1.6089630838214646,4
146.4279569166101,147.97116822720523,148.06990389271988,1.543211310595126,4
147.65176160569266,148.0668631602355,149.18434198328578,0.4151015545428436,4
147.9403367577776,148.06990389271988,148.66423477934072,0.12956713494227756,4
147.9535166412674,148.15649164884695,148.38753341424143,0.20297500757953912,4
148.47360633653963,148.47360633653963,148.6767580809055,0.0,3
148.48330658056517,148.66423477934072,148.81165662607813,0.1809281987755469,4
148.5412977695021,148.6767580809055,150.96594960396158,0.1354603114033921,4
148.8213908461227,148.8213908461227,149.91855805270677,0.0,2
148.92908168903764,148.92908168903764,148.99748627067828,0.0,3
149.16089856353204,149.16089856353204,150.28511445251067,0.0,3
149.54683774560962,149.54683774560962,151.50864080427309,0.0,3
149.81531877659634,149.91855805270677,152.84296816233135,0.10323927611042905,4
149.97191678444636,150.28511445251067,150.8186068673774,0.31319766806430493,4
150.308806667319,150.8186068673774,151.49738512914178,0.5098002000584074,4
150.52118696930776,150.96594960396158,151.0990219018837,0.44476263465381294,4
150.71856473422906,151.0990219018837,153.6811262531472,0.3804571676546402,4
151.3705700443084,151.49738512914178,151.68173521044102,0.12681508483336756,4
151.49282488072086,151.50864080427309,151.98476650907963,0.01581592355222483,4
151.54513621338631,151.68173521044102,153.46405437392593,0.1365989970547048,4
151.59149055866317,151.98476650907963,153.54500685271245,0.39327595041646646,4
151.8581704291013,152.84296816233135,155.1391270874329,0.9847977332300388,4
152.1105864815135,153.46405437392593,156.2309091814088,1.353467892412425,4
152.7155275480377,153.54500685271245,153.56050317483235,0.8294793046747486,4
152.92501680629655,153.56050317483235,153.65569780307578,0.6354863685357941,4
152.93479423373066,153.65569780307578,155.48518770365658,0.7209035693451256,4
153.1009072067958,153.6811262531472,153.7197584368547,0.5802190463514023,4
153.17560310781766,153.7197584368547,154.05257835940614,0.5441553290370393,4
153.4058179594813,154.05257835940614,155.37898694522607,0.6467603999248297,4
153.5221622579691,155.1391270874329,155.59683956929365,1.616964829463825,4
154.14491141831854,155.37898694522607,155.49787573731643,1.2340755269075316,4
154.27685165360273,155.48518770365658,158.13105326981452,1.2083360500538447,4
154.6265406481944,155.49787573731643,156.22731828798794,0.8713350891220273,4
154.86662842029506,155.59683956929365,155.89710955202824,0.7302111489985919,4
155.3657549420527,155.89710955202824,156.25372044222067,0.5313546099755513,4
155.42951363296842,156.22731828798794,158.0036138459174,0.7978046550195188,4
155.89371451942208,156.2309091814088,158.25916805983837,0.33719466198672876,4
156.00217999044142,156.25372044222067,157.5465719533641,0.251540451779249,4
156.1582415150921,157.5465719533641,158.8050368307201,1.3883304382719928,4
156.5626635566511,158.0036138459174,158.34119676247622,1.4409502892663113,4
156.66371630149925,158.13105326981452,158.36064984871425,1.4673369683152657,4
156.69289888578223,158.25916805983837,159.20316768386002,1.5662691740561456,4
157.58099612348914,158.34119676247622,158.92934890738871,0.7602006389870724,4
158.39093098748006,158.39093098748006,159.40115720780904,0.0,3
158.42301334560543,158.8050368307201,163.82596381951063,0.3820234851146722,4
158.78912635612906,158.92934890738871,160.03936941241577,0.14022255125965444,4
158.94646687335523,159.20316768386002,160.33847676667057,0.2567008105047819,4
159.26792942130638,159.40115720780904,162.21843876834768,0.13322778650265832,4
159.48022311436753,160.03936941241577,160.17113545297343,0.5591462980482333,4
160.2403203548742,160.2403203548742,160.48318070542365,0.0,3
160.26874840518042,160.33847676667057,160.37965862685158,0.06972836149014938,4
160.34674455830358,160.37965862685158,160.80112714659217,0.03291406854799561,4
160.36072045933795,160.48318070542365,162.74232266157833,0.12246024608569428,4
160.40752261442492,160.80112714659217,161.5137618360779,0.3936045321672452,4
160.42185447034953,161.5137618360779,162.66246472572843,1.0919073657283604,4
161.00317648668818,162.21843876834768,162.3723418083984,1.2152622816595056,4
161.0325887414854,162.3723418083984,166.01363229914597,1.3397530669130049,4
161.1153531709822,162.66246472572843,162.81684165860017,1.5471115547462375,4
162.43130920054372,162.74232266157833,164.57684596758543,0.31101346103460514,4
162.64429349012423,162.81684165860017,163.1085344885067,0.17254816847594157,4
162.81279276517893,163.1085344885067,166.43849284048102,0.2957417233277795,4
162.92119413432044,163.82596381951063,164.86499783983038,0.904769685190189,4
162.96157012113835,164.57684596758543,164.79916855413578,1.6152758464470764,4
163.10416338473001,164.79916855413578,165.8681365672443,1.6950051694057606,4
163.24143549406094,164.86499783983038,166.39414386221512,1.623562345769443,4
163.63386155269473,165.8681365672443,166.5205335965232,2.2342750145495813,4
163.97608538972776,166.01363229914597,166.80323774708577,2.037546909418211,4
164.0964038397041,166.39414386221512,167.21837904877347,2.2977400225110216,4
164.5444065506523,166.43849284048102,167.6622974669092,1.8940862898287207,4
164.85314878154833,166.5205335965232,167.76182605627443,1.6673848149748665,4
165.53813671675,166.80323774708577,168.34353378299045,1.265101030335785,4
165.66590293794906,167.21837904877347,169.03204330511426,1.552476110824415,4
165.84816639777452,167.6622974669092,167.86421534574717,1.8141310691346746,4
165.94727601185983,167.76182605627443,168.37316626790943,1.8145500444146023,4
166.3947867139702,167.86421534574717,169.674734459314,1.4694286317769638,4
166.59166603482694,168.34353378299045,172.3639985088255,1.7518677481635052,4
166.6839057178592,168.37316626790943,169.69339093545844,1.6892605500502214,4
166.85049562134716,169.03204330511426,170.83991213210578,2.181547683767093,4
166.9340639813516,169.674734459314,170.27244321678046,2.7406704779623965,4
167.07634374264887,169.69339093545844,170.1965012695938,2.617047192809565,4
167.10917587557984,170.1965012695938,170.4219393366438,3.087325394013959,4
167.5456518452471,170.27244321678046,171.17623931055618,2.726791371533352,4
167.96670160464257,170.4219393366438,172.1295624592288,2.4552377320012226,4
168.67747396002687,170.83991213210578,172.28197132287266,2.1624381720789074,4
168.94640156106655,171.17623931055618,172.8873018372209,2.229837749489633,4
168.98183183167725,172.1295624592288,172.17978136861493,3.147730627551539,4
169.10308720249716,172.17978136861493,173.22349478145182,3.076694166117761,4
169.3607137091953,172.28197132287266,173.05522465027965,2.921257613677369,4
169.3916948240085,172.3639985088255,173.26921391428826,2.9723036848169784,4
169.69267016983775,172.8873018372209,172.91458027426273,3.1946316673831348,4
169.84166513181938,172.91458027426273,174.2666668124777,3.0729151424433496,4
169.85608889020867,173.05522465027965,175.98662786539413,3.1991357600709875,4
169.92523593511984,173.22349478145182,174.0702837169979,3.2982588463319757,4
170.2944227422165,173.26921391428826,175.5362448657031,2.974791172071747,4
170.50432852140148,174.0702837169979,174.71745102957604,3.565955195596416,4
170.5049208201172,174.2666668124777,174.55237139377317,3.7617459923604883,4
170.68176888238833,174.55237139377317,175.19751469047665,3.8706025113848455,4
171.30079799894483,174.71745102957604,175.1892231650316,3.4166530306312097,4
171.4058462881124,175.1892231650316,175.2797837513304,3.783376876919192,4
171.52936762160883,175.19751469047665,175.88114941652165,3.6681470688678246,4
171.53382151205466,175.2797837513304,176.44475445447495,3.745962239275741,4
171.67916386188406,175.5362448657031,175.99458401221463,3.8570810038190473,4
172.19552431828683,175.88114941652165,178.18694298552285,3.685625098234823,4
172.82528563165943,175.98662786539413,176.16074077781545,3.1613422337347004,4
172.94251510716296,175.99458401221463,179.3640500354103,3.0520689050516694,4
173.20081219563238,176.16074077781545,177.09414223897994,2.9599285821830676,4
173.340682741969,176.44475445447495,176.871912122267,3.1040717125059416,4
173.4736078888435,176.871912122267,178.48210616622177,3.398304233423488,4
173.5145393046377,177.09414223897994,177.86173422788534,3.5796029343422333,4
173.57348469079886,177.86173422788534,178.35261968628686,4.288249537086472,4
173.58162477147673,178.18694298552285,178.7335704862451,4.605318214046122,4
173.7287610189314,178.35261968628686,179.7839475668524,4.623858667355449,4
173.90296780693927,178.48210616622177,178.5511049801868,4.579138359282496,4
174.68811682160185,178.5511049801868,178.67494075126496,3.8629881585849546,4
174.6975175395661,178.67494075126496,180.16300618349655,3.977423211698863,4
175.38037052821588,178.7335704862451,179.7944391579381,3.353199958029222,4
175.74929203456128,179.3640500354103,181.2005506635975,3.614758000849008,4
175.92676992460267,179.7839475668524,180.40542808092064,3.8571776422497237,4
176.42424806418077,179.7944391579381,180.36318465941068,3.370191093757313,4
176.7927238552116,180.16300618349655,181.95939371929387,3.370282328284958,4
176.92804730698415,180.36318465941068,180.58787609896814,3.4351373524265227,4
176.95676614134803,180.40542808092064,180.71559176437546,3.4486619395726166,4
177.58921024348908,180.58787609896814,181.31721609431244,2.998665855479061,4
177.70244390642694,180.71559176437546,180.83870201608218,3.0131478579485247,4
177.80679825979684,180.83870201608218,186.04423707669693,3.0319037562853453,4
177.8075903016035,181.2005506635975,181.81824541343593,3.3929603619939996,4
177.80801617985043,181.31721609431244,184.18311446235984,3.509199914462016,4
177.8164200708917,181.81824541343593,183.08652607545787,4.001825342544237,4
178.5195410528956,181.95939371929387,182.22512556745454,3.4398526663982807,4
179.3033232185769,182.22512556745454,182.55138414960678,2.921802348877634,4
179.52439573593523,182.55138414960678,183.20036184809373,3.026988413671546,4
180.76606272992274,183.08652607545787,183.68384735525945,2.3204633455351313,4
180.96131618136098,183.20036184809373,183.90774080262383,2.23904566673275,4
182.10204732037545,183.68384735525945,186.75003030232534,1.5818000348839973,4
182.36534113724267,183.90774080262383,184.1066874762908,1.5423996653811685,4
182.6606398839431,184.1066874762908,187.05579737592143,1.4460475923476963,4
182.8164602175707,184.18311446235984,185.8150379834995,1.3666542447891459,4
182.85439022381846,185.8150379834995,188.39498919882547,2.960647759681052,4
182.86209731576716,186.04423707669693,188.6413088530054,3.182139760929772,4
182.91700173792438,186.75003030232534,187.49548335055104,3.833028564400962,4
183.45794054348556,187.05579737592143,187.61517961770758,3.597856832435866,4
184.09598159994172,187.49548335055104,187.7889610335871,3.3995017506093177,4
184.30201326575715,187.61517961770758,187.98277250141038,3.3131663519504286,4
184.35879218912012,187.7889610335871,190.33079842427753,3.4301688444669765,4
184.4960334582802,187.98277250141038,188.24221668217768,3.4867390431301715,4
184.57418343969107,188.24221668217768,189.96539725706438,3.668033242486615,4
184.62610312481112,188.39498919882547,190.66926572249147,3.768886074014347,4
184.79484943420408,188.6413088530054,189.1867315565735,3.8464594188013166,4
184.80914646176345,189.1867315565735,190.25226469361556,4.377585094810058,4
185.0701214359596,189.96539725706438,190.33083211352104,4.895275821104775,4
185.3977847670383,190.25226469361556,191.07407411095477,4.854479926577255,4
185.80434821043966,190.33079842427753,190.67111961755245,4.526450213837876,4
186.18236642715607,190.33083211352104,192.37155853491058,4.148465686364972,4
186.27169150491426,190.66926572249147,191.07926578272398,4.3975742175772154,4
187.14096419828587,190.67111961755245,191.98610372903624,3.5301554192665776,4
187.55474385544974,191.07407411095477,191.54546851062833,3.519330255505025,4
187.7617852018485,191.07926578272398,193.2287472957694,3.3174805808754684,4
187.83411729675663,191.54546851062833,191.8805293743594,3.711351213871694,4
187.91358064724685,191.8805293743594,192.0772892740989,3.966948727112566,4
188.15831758521696,191.98610372903624,193.080822253637,3.8277861438192815,4
188.33668913403704,192.0772892740989,192.4671760648442,3.7406001400618436,4
188.36045517657416,192.37155853491058,192.71217406629177,4.011103358336413,4
188.47528683351905,192.4671760648442,192.49504070886596,3.9918892313251604,4
188.52669714343,192.49504070886596,192.61537563120635,3.9683435654359585,4
188.89865011737376,192.61537563120635,194.6009711973797,3.7167255138325856,4
188.9011689790566,192.71217406629177,196.5813134164435,3.8110050872351735,4
189.52384699613955,193.080822253637,194.66603651197957,3.5569752574974416,4
189.52897828968045,193.2287472957694,193.42373952424734,3.6997690060889568,4
189.6543054978125,193.42373952424734,194.42991550061075,3.769434026434851,4
189.77146618500583,194.42991550061075,194.6178240953499,4.658449315604912,4
190.6862543317733,194.6009711973797,195.43453686039186,3.9147168656063798,4
190.96724860340072,194.6178240953499,194.81400589469519,3.6505754919491835,4
191.02196872737804,194.66603651197957,195.68588993133568,3.644067784601532,4
191.96141607738195,194.81400589469519,198.93485663331438,2.8525898173132305,4
192.18654221781227,195.43453686039186,197.26369943358858,3.2479946425795845,4
192.21646583069946,195.68588993133568,195.8433231893759,3.4694241006362176,4
192.50068360865328,195.8433231893759,198.34171504856548,3.3426395807226186,4
192.58119645810436,196.5813134164435,199.5496883247799,4.0001169583391345,4
192.95472067341078,197.26369943358858,197.80750887306533,4.3089787601778085,4
193.96204206210564,197.80750887306533,198.79127892795444,3.8454668109596923,4
194.48791189155543,198.34171504856548,203.0681679754546,3.8538031570100486,4
194.75177242300987,198.79127892795444,199.53345680518018,4.039506504944569,4
194.78509349242722,198.93485663331438,202.62052236874877,4.14976314088716,4
195.32493316689747,199.53345680518018,199.86335916793496,4.208523638282713,4
195.3682014326812,199.5496883247799,200.0316107966433,4.181486892098718,4
195.37942347334186,199.86335916793496,200.8377201204021,4.4839356945931,4
195.46697162263786,200.0316107966433,202.22932794665576,4.5646391740054355,4
195.4837061484254,200.8377201204021,202.008852981151,5.354013971976713,4
195.56735635651012,202.008852981151,203.35692854254583,6.441496624640877,4
195.63794824243615,202.22932794665576,203.48247888088443,6.591379704219605,4
195.6946336666685,202.62052236874877,203.95353827267468,6.925888702080272,4
195.89677856880073,203.0681679754546,204.1378359318041,7.171389406653873,4
195.96140702629094,203.35692854254583,205.15838211891713,7.395521516254888,4
196.48377405117847,203.48247888088443,204.09136542947104,6.998704829705957,4
196.63579166266274,203.95353827267468,204.32169075309014,7.3177466100119375,4
196.70967087758737,204.09136542947104,204.14455119952876,7.381694551883669,4
196.88249890242184,204.1378359318041,205.51885923834314,7.255337029382247,4
196.91914328452555,204.14455119952876,204.49545033249376,7.225407915003217,4
197.1665515129262,204.32169075309014,206.34037632659462,7.1551392401639475,4
197.25059002292582,204.49545033249376,204.81384884867788,7.24486030956794,4
197.46644048721998,204.81384884867788,205.55664659171666,7.347408361457894,4
198.0339902327265,205.15838211891713,205.7125397646272,7.124391886190637,4
198.67391899945883,205.51885923834314,208.03829492720863,6.8449402388843055,4
198.6988036125643,205.55664659171666,206.0861136021568,6.857842979152366,4
198.88578993591466,205.7125397646272,209.92818141740938,6.826749828712536,4
199.57255324420305,206.0861136021568,208.36314359732324,6.513560357953736,4
199.5787535083672,206.34037632659462,206.5562815207586,6.7616228182274085,4
199.85878092901552,206.5562815207586,206.792873565284,6.697500591743079,4
201.12237079778637,206.792873565284,207.05102078250266,5.670502767497624,4
201.21168084926848,207.05102078250266,209.09017160515873,5.839339933234186,4
201.2344149193891,208.03829492720863,208.508581224947,6.803880007819515,4
201.34403669416037,208.36314359732324,208.70183653233872,7.0191069031628786,4
201.5769865545032,208.508581224947,208.93511937459073,6.931594670443786,4
202.11450259759545,208.70183653233872,210.5050756666111,6.5873339347432704,4
202.29353388590795,208.93511937459073,209.97829633544092,6.641585488682779,4
202.43105607269828,209.09017160515873,210.0584365781292,6.659115532460447,4
203.05003698333417,209.92818141740938,210.99809214856407,6.87814443407521,4
203.7017118945511,209.97829633544092,211.05804438802375,6.27658444088982,4
203.86793274985507,210.0584365781292,210.8549300483787,6.190503828274132,4
203.91717318369402,210.5050756666111,210.5105153688181,6.587902482917087,4
204.4627575000118,210.5105153688181,211.28455589430445,6.047757868806286,4
204.51980000445553,210.8549300483787,211.73158474171345,6.335130043923158,4
204.63639496358238,210.99809214856407,212.91715384727522,6.3616971849816935,4
204.77819781340705,211.05804438802375,213.54813305811768,6.279846574616698,4
204.84988022972232,211.28455589430445,211.6336838157371,6.43467566458213,4
204.9229136862642,211.6336838157371,213.11253449134753,6.710770129472905,4
204.93098924439755,211.73158474171345,214.28220440899418,6.800595497315896,4
204.97985560286483,212.91715384727522,213.07714040503126,7.9372982444103855,4
205.1673056539134,213.07714040503126,214.93160881492065,7.90983475111787,4
205.1821375494789,213.11253449134753,213.88395723660847,7.930396941868622,4
205.56263656007732,213.54813305811768,215.75359407176603,7.985496498040362,4
205.7861172646753,213.88395723660847,214.1481222222904,8.097839971933155,4
206.00074472599857,214.1481222222904,214.64512461119986,8.147377496291824,4
206.5693773307219,214.28220440899418,214.51659877161788,7.712827078272284,4
207.2776338452369,214.51659877161788,215.7939993447295,7.238964926380987,4
207.81473981434766,214.64512461119986,217.56972725904552,6.830384796852201,4
207.88902856571167,214.93160881492065,216.81672623089625,7.0425802492089815,4
207.9043738889546,215.75359407176603,216.60141527112128,7.849220182811422,4
207.9146851323171,215.7939993447295,217.84402865861304,7.8793142124124245,4
208.02296493375312,216.60141527112128,217.20144509632559,8.578450337368167,4
208.11743296793833,216.81672623089625,218.43692405476068,8.699293262957923,4
208.6112185161456,217.20144509632559,217.81019677610712,8.590226580179973,4
208.62548327603696,217.56972725904552,218.3899749952903,8.944243983008562,4
208.67482329030614,217.81019677610712,219.73521233359813,9.135373485800983,4
208.68428527657315,217.84402865861304,221.75977647440143,9.159743382039892,4
208.70109759276704,218.3899749952903,219.45185377676592,9.688877402523246,4
208.7972705693968,218.43692405476068,220.4262543041205,9.63965348536388,4
209.0285353906615,219.45185377676592,221.10295635418566,10.423318386104427,4
209.23769101398662,219.73521233359813,220.9427575465253,10.497521319611508,4
209.31471423480502,220.4262543041205,220.57584445134617,11.111540069315481,4
209.60818763976164,220.57584445134617,220.87339973803537,10.967656811584533,4
209.71300251947952,220.87339973803537,221.67826166629285,11.160397218555858,4
209.7501546381236,220.9427575465253,221.3464521099417,11.19260290840171,4
209.79257692946064,221.10295635418566,223.1828122669611,11.310379424725028,4
209.9124578098323,221.3464521099417,222.42296680162514,11.433994300109418,4
210.2195329803324,221.67826166629285,222.4651766930577,11.458728685960466,4
210.23858430801832,221.75977647440143,221.96066056927512,11.521192166383116,4
211.49255699658127,221.96066056927512,224.01737642611286,10.468103572693849,4
211.60266593548536,222.42296680162514,222.85891722425384,10.820300866139775,4
212.72015317006674,222.4651766930577,223.18023569108857,9.745023522990977,4
213.0720539163293,222.85891722425384,222.9111268260328,9.786863307924534,4
213.340636944841,222.9111268260328,228.54971197316277,9.570489881191804,4
214.01009382403436,223.18023569108857,224.51635651689395,9.170141867054213,4
214.16888996650715,223.1828122669611,223.99757403585537,9.013922300453942,4
214.27817928432475,223.99757403585537,224.39340714232037,9.719394751530615,4
214.60223331144215,224.01737642611286,224.51485396061125,9.415143114670713,4
214.79690816172274,224.39340714232037,224.47157693168472,9.59649898059763,4
214.82241949144057,224.47157693168472,225.29239921429763,9.649157440244153,4
215.06753613105514,224.51485396061125,227.63494976199797,9.447317829556113,4
215.29191957664847,224.51635651689395,224.88894358309196,9.224436940245482,4
215.39729916965112,224.88894358309196,225.40449534416584,9.491644413440838,4
215.68668659805078,225.29239921429763,225.4205338359771,9.605712616246848,4
215.6899896083497,225.40449534416584,225.4883806631224,9.714505735816147,4
216.28332791495706,225.4205338359771,225.69276161690786,9.13720592102004,4
217.2531268749327,225.4883806631224,225.64819910853632,8.23525378818971,4
217.28413079984443,225.64819910853632,225.7421761630932,8.364068308691884,4
217.29754517202406,225.69276161690786,226.06910927848756,8.3952164448838,4
217.31697274932546,225.7421761630932,225.90654725136298,8.425203413767747,4
217.72989231483578,225.90654725136298,227.26499408033078,8.1766549365272,4
217.7607600367595,226.06910927848756,227.0388690065153,8.308349241728052,4
218.17704135512676,227.0388690065153,227.17244881715493,8.861827651388552,4
218.79492222973394,227.17244881715493,227.8471054191984,8.377526587420988,4
218.84102562019464,227.26499408033078,228.83699072934058,8.423968460136138,4
218.9015826463423,227.63494976199797,228.27741629516703,8.733367115655682,4
219.1409805510009,227.8471054191984,229.22634460986436,8.70612486819752,4
219.35827635276297,228.27741629516703,228.51586786516233,8.919139942404058,4
219.42443520659754,228.51586786516233,230.3997790474658,9.091432658564798,4
219.49104263919293,228.54971197316277,230.23932745394004,9.058669333969846,4
219.52701196494056,228.83699072934058,229.07126511765173,9.309978764400029,4
219.6341016096013,229.07126511765173,229.47919945072925,9.437163508050446,4
219.91404775448723,229.22634460986436,229.30733296431995,9.312296855377127,4
220.06212203772495,229.30733296431995,229.6067310552183,9.245210926595007,4
220.4614737759841,229.47919945072925,229.7022064309414,9.01772567474515,4
220.51771382803565,229.6067310552183,229.71873115397725,9.089017227182637,4
221.30096429161242,229.7022064309414,230.99084106744286,8.401242139328986,4
221.31013964287897,229.71873115397725,231.01143854682272,8.40859151109828,4
222.19546764320194,230.23932745394004,230.88451811503762,8.043859810738098,4
222.40994091789747,230.3997790474658,231.81565016900396,7.989838129568341,4
222.4669070027938,230.88451811503762,232.7171473184181,8.417611112243833,4
222.64567313827084,230.99084106744286,231.84188873997962,8.345167929172021,4
222.8071099786169,231.01143854682272,231.16772106429963,8.204328568205824,4
222.87048545954605,231.16772106429963,232.1531138832492,8.297235604753581,4
222.88136162205305,231.81565016900396,231.87497810108889,8.93428854695091,4
223.1724554012608,231.84188873997962,234.4672898746799,8.669433338718818,4
223.2753297808811,231.87497810108889,231.88819821408384,8.599648320207791,4
223.3609815094006,231.88819821408384,231.93777798284657,8.52721670468324,4
223.4221420379892,231.93777798284657,231.95441625731962,8.515635944857365,4
224.04232294833818,231.95441625731962,232.5022029915772,7.91209330898144,4
224.12589450444636,232.1531138832492,232.58271208704397,8.02721937880284,4
224.19203353721144,232.5022029915772,233.5551044606498,8.310169454365763,4
224.3350633828442,232.58271208704397,233.9081676515575,8.247648704199776,4
224.57889699543267,232.7171473184181,233.80310194672003,8.138250322985442,4
224.58733606611455,233.5551044606498,233.56702508070103,8.967768394535256,4
224.63860409412212,233.56702508070103,233.83021542574062,8.928420986578914,4
224.80177034342114,233.80310194672003,235.78950351225205,9.001331603298894,4
225.78869272252876,233.83021542574062,236.7626266580246,8.041522703211854,4
225.82637741833764,233.9081676515575,235.10768174301182,8.081790233219863,4
226.24522176595823,234.4672898746799,235.0485596243929,8.222068108721658,4
226.7166397829628,235.0485596243929,235.11376997909852,8.331919841430107,4
226.77968986152948,235.10768174301182,236.35403348286786,8.327991881482347,4
226.7941963043221,235.11376997909852,239.51535706665527,8.319573674776422,4
226.84396637476382,235.78950351225205,236.6302506778713,8.94553713748823,4
227.0328750225334,236.35403348286786,236.83337772198752,9.321158460334459,4
227.12088813905547,236.6302506778713,236.68406295516706,9.509362538815822,4
227.3944933524533,236.68406295516706,238.19546581836903,9.289569602713755,4
227.40424489490778,236.7626266580246,237.75578827150932,9.358381763116824,4
227.7844367614959,236.83337772198752,238.18976018106792,9.04894096049162,4
227.84657343565422,237.75578827150932,238.7618605665706,9.909214835855096,4
227.89744795643588,238.18976018106792,239.18482323422543,10.292312224632042,4
228.12431634657784,238.19546581836903,239.46733668941937,10.071149471791188,4
228.2182760146771,238.7618605665706,239.61779074243353,10.543584551893503,4
228.23080862332182,239.18482323422543,239.94502890101936,10.954014610903613,4
228.29550112325137,239.46733668941937,240.34445042286836,11.171835566168,4
228.32226327794632,239.51535706665527,241.1938786203636,11.19309378870895,4
228.38503548428892,239.61779074243353,240.2775891886143,11.232755258144607,4
228.49947108195295,239.94502890101936,240.74867491700178,11.445557819066408,4
228.6171171919557,240.2775891886143,241.0575488147106,11.660471996658572,4
229.2602136890082,240.34445042286836,240.5311152583272,11.084236733860166,4
229.53870303092629,240.5311152583272,240.79801596261188,10.992412227400905,4
229.7107102946059,240.74867491700178,244.01632856612204,11.03796462239589,4
230.17293801125618,240.79801596261188,241.99238686193686,10.625077951355706,4
230.1811498008672,241.0575488147106,242.47895454712355,10.876399013843411,4
230.6030668852842,241.1938786203636,243.28218142764305,10.590811735079399,4
230.60812792891977,241.99238686193686,242.9458375788182,11.384258933017094,4
230.9771222575648,242.47895454712355,245.70659391362733,11.501832289558763,4
231.0631261280525,242.9458375788182,243.51954236849926,11.882711450765726,4
231.14391293435625,243.28218142764305,244.4212654133322,12.138268493286802,4
231.24379010899978,243.51954236849926,243.74101598447695,12.275752259499484,4
231.53410633209486,243.74101598447695,244.22002060172673,12.20690965238208,4
231.57347821177007,244.01632856612204,244.1427163282793,12.442850354351975,4
231.59352165573154,244.1427163282793,245.60566581222108,12.54919467254777,4
232.02135653135701,244.22002060172673,244.28678282535353,12.198664070369716,4
233.12011495545383,244.28678282535353,247.18156972461796,11.166667869899698,4
233.16524735077192,244.4212654133322,244.8399923636904,11.256018062560287,4
233.26112244816255,244.8399923636904,245.87618745549537,11.57886991552786,4
234.62756204398826,245.60566581222108,245.9349848257617,10.978103768232813,4
235.68842775360733,245.70659391362733,246.16895450928212,10.018166160020002,4
235.75480295272456,245.87618745549537,247.40171003406948,10.121384502770809,4
235.82620461546523,245.9349848257617,250.19900043434612,10.108780210296459,4
235.8520157277054,246.16895450928212,247.64612086083318,10.31693878157671,4
235.8901706949692,247.18156972461796,247.36352887325194,11.291399029648744,4
235.98801558152238,247.36352887325194,248.9377731571894,11.375513291729561,4
236.42456817141633,247.40171003406948,248.17198244522183,10.977141862653156,4
237.03360996511444,247.64612086083318,247.77573744530451,10.612510895718742,4
237.92416516971036,247.77573744530451,247.7871036507589,9.851572275594151,4
237.95156331499112,247.7871036507589,248.6875908012536,9.835540335767774,4
238.03596880868972,248.17198244522183,248.79000793487188,10.136013636532113,4
238.13291330662304,248.6875908012536,249.32399986869737,10.554677494630567,4
238.40802914901886,248.79000793487188,249.09040137483976,10.381978785853022,4
239.16354881391382,248.9377731571894,249.53055897235146,9.774224343275591,4
239.44139610428107,249.09040137483976,249.55252566782866,9.649005270558689,4
239.830786643418,249.32399986869737,249.96514160736243,9.493213225279362,4
240.42583402830596,249.53055897235146,250.54753322735206,9.1047249440455,4
240.62837942805442,249.55252566782866,250.5522712266896,8.924146239774245,4
240.7188363152447,249.96514160736243,251.02906030427826,9.24630529211774,4
240.74469946044306,250.19900043434612,256.5979367360925,9.45430097390306,4
240.78448033651875,250.54753322735206,251.43859451394417,9.763052890833308,4
241.57510090171164,250.5522712266896,251.71079968482883,8.977170324977976,4
241.67448217317644,251.02906030427826,251.94655045932961,9.354578131101817,4
241.7909160123855,251.43859451394417,252.7701671606918,9.647678501558659,4
241.8821410032703,251.71079968482883,251.90068807109978,9.828658681558522,4
242.10170588325636,251.90068807109978,254.09164035436288,9.798982187843421,4
242.4237587844298,251.94655045932961,252.42606359780635,9.522791674899821,4
242.661916809628,252.42606359780635,255.10095676415884,9.764146788178351,4
242.88877392920088,252.7701671606918,253.20489412086357,9.881393231490932,4
242.92225348624743,253.20489412086357,253.88066626478673,10.282640634616143,4
243.05682035188445,253.88066626478673,255.14071566947567,10.823845912902271,4
243.1433984417516,254.09164035436288,255.48590285424385,10.94824191261128,4
243.493782875765,255.10095676415884,256.3368715794698,11.607173888393845,4
243.6171305897864,255.14071566947567,256.3170469365985,11.52358507968927,4
243.82832965588736,255.48590285424385,256.1402820536063,11.657573198356488,4
244.04040969456202,256.1402820536063,257.5366559352789,12.099872359044298,4
244.14655960630893,256.3170469365985,256.55461587022285,12.170487330289575,4
244.14935521958785,256.3368715794698,256.6530233528415,12.187516359881954,4
244.3815017749946,256.55461587022285,256.72692315868545,12.173114095228243,4
244.40267901578005,256.5979367360925,257.6284342213967,12.19525772031244,4
244.6247103298422,256.6530233528415,258.3952498367503,12.0283130229993,4
244.94102079284517,256.72692315868545,260.92220515500935,11.785902365840286,4
244.9658323961789,257.5366559352789,257.6248948118525,12.570823539099962,4
244.98006627450167,257.6248948118525,259.4112628502378,12.644828537350861,4
245.30073248824192,257.6284342213967,257.77124871122635,12.327701733154754,4
245.4390187127157,257.77124871122635,258.7131588830759,12.332229998510655,4
245.6220013540529,258.3952498367503,260.40479916896874,12.773248482697369,4
246.11245236672204,258.7131588830759,258.9393956958462,12.600706516353853,4
246.17629255573235,258.9393956958462,263.20442393999053,12.763103140113856,4
246.50221776001837,259.4112628502378,259.9102281094179,12.909045090219422,4
246.56666632893715,259.9102281094179,261.0702359963909,13.34356178048077,4
246.68431772536113,260.40479916896874,261.5323133794144,13.72048144360761,4
246.80925667759504,260.92220515500935,261.38808162518063,14.112948477414307,4
246.9701291112932,261.0702359963909,263.3736354072119,14.100106885097716,4
247.1541549630265,261.38808162518063,262.3714238104497,14.233926662154119,4
247.22285254736084,261.5323133794144,264.9757100208263,14.30946083205356,4
247.68159226440312,262.3714238104497,263.8886368639376,14.689831546046577,4
248.55531154806104,263.20442393999053,265.34181396018573,14.649112391929492,4
248.64055849381506,263.3736354072119,263.60682540240475,14.733076913396843,4
248.95960666985243,263.60682540240475,264.0307914984318,14.647218732552318,4
249.33843494767495,263.8886368639376,264.3261351284126,14.550201916262665,4
249.41395394491863,264.0307914984318,265.1719066147127,14.616837553513193,4
249.47930331240738,264.3261351284126,265.40774882226395,14.84683181600522,4
249.94245899020876,264.9757100208263,265.96347554645877,15.03325103061752,4
249.99836854055837,265.1719066147127,265.18090840555084,15.17353807415435,4
250.15947726910514,265.18090840555084,269.91140548592347,15.021431136445699,4
